WAV,SMLIM,CRAIRC,WILTING_POTENTIAL,FIELD_CAPACITY,SOPE,KSUB,RDMSOL,NAVAILI,PAVAILI,KAVAILI,N_1,N_2,N_3,N_4,P_1,P_2,P_3,P_4,K_1,K_2,K_3,K_4,rotation,crop,year,parcel_id,iteration,variety,start_crop_calendar,crop_start_date,NPK_T1,NPK_T2,NPK_T3,NPK_T4
28.99395375,0.252103718,0.059836412,3.155054779,-0.25180846,5.136826747,6.907535826,66.47094254,17.2057039,33.55934727,65.59242512,2.395177919,3.346555183,3.055482326,3.53609426,0.706577486,0.987233779,0.901367286,1.043147807,0.591608946,0.82659913,0.754704134,0.873415282,rotation_1,winter_barley,2021,2047584,1,Winter_barley_301,01/06/2021,23/10/2021,23/10/2021,20/02/2022,07/03/2022,22/03/2022
32.57106368,0.308810725,0.071538382,3.192977967,-0.281784034,6.929630712,9.312906513,77.22173997,49.70696321,33.06289651,46.60308651,119.0436052,137.1337709,150.6105761,107.6590969,35.11786353,40.45446241,44.43011995,31.75943358,29.40377048,33.87204141,37.2008123,26.59179693,rotation_1,winter_barley,2021,2047584,2,Winter_barley_301,01/06/2021,10/11/2021,10/11/2021,24/02/2022,11/03/2022,26/03/2022
16.05173231,0.242196136,0.077772286,3.205634132,-0.242963292,4.527423725,6.149939805,90.27139302,35.79844324,29.07401303,22.30090991,71.40368428,51.36447089,79.19915566,56.01272596,21.06408686,15.15251891,23.36375092,16.52375416,17.63671002,12.68702431,19.56219145,13.83514331,rotation_1,winter_barley,2021,2047584,3,Winter_barley_301,01/06/2021,17/10/2021,17/10/2021,24/02/2022,11/03/2022,26/03/2022
42.24281909,0.412980427,0.06573614,3.066218112,-0.267952229,3.717696098,9.420882027,83.08212965,82.38031143,21.51273523,33.90280681,205.9441698,188.7502047,184.5524188,137.8471067,60.75353011,55.68131038,54.44296355,40.66489648,50.86820995,46.62130056,45.58444745,34.04823536,rotation_1,winter_barley,2021,2047584,4,Winter_barley_301,01/06/2021,22/10/2021,22/10/2021,21/02/2022,08/03/2022,23/03/2022
40.76403054,0.244112531,0.054665769,2.992969763,-0.253596568,3.225637049,3.027348314,93.81963569,29.60509499,23.60599654,72.00975234,3.074732027,1.667532071,3.570237743,0.584194333,0.907045948,0.491921961,1.053220134,0.172337328,0.759458811,0.411880422,0.881848723,0.144296,rotation_1,winter_barley,2021,2047584,5,Winter_barley_301,01/06/2021,04/11/2021,04/11/2021,20/02/2022,07/03/2022,22/03/2022
31.27090891,0.209923708,0.072900095,3.221173278,-0.273697635,5.52878218,6.699006976,45.40865397,51.76209249,28.91827903,50.77562523,95.21885082,52.64163554,129.4043257,106.9492502,28.08956099,15.52928248,38.17427609,31.5500288,23.51905615,13.00248398,31.96286846,26.4164648,rotation_1,winter_barley,2021,2047584,6,Winter_barley_301,01/06/2021,30/10/2021,30/10/2021,23/02/2022,10/03/2022,25/03/2022
19.20522582,0.200202545,0.061903572,3.098042332,-0.24877887,2.416560451,7.117205931,117.5327625,32.90971857,27.60239503,39.62556011,202.0010898,276.7328554,195.6845986,287.825813,59.59032148,81.63619235,57.72695659,84.90861483,49.89426917,68.35301529,48.33409586,71.09297581,rotation_1,winter_barley,2021,2047584,7,Winter_barley_301,01/06/2021,20/10/2021,20/10/2021,23/02/2022,10/03/2022,25/03/2022
24.52326291,0.477212254,0.083708676,3.128657301,-0.272713104,1.862123,10.06587735,87.43638821,32.47612326,27.14771718,60.24963226,14.67297259,10.32163195,20.45658632,15.1319226,4.328526915,3.044881424,6.034692964,4.463917168,3.624224231,2.549443091,5.052776821,3.737584883,rotation_1,winter_barley,2021,2047584,8,Winter_barley_301,01/06/2021,20/11/2021,20/11/2021,20/02/2022,07/03/2022,22/03/2022
20.42645125,0.383417114,0.070318405,3.102025841,-0.241759841,5.6513674,9.783545232,108.9225772,59.13581519,28.39263243,54.10907114,69.97651758,75.49207921,121.3502755,58.7347034,20.64307269,22.27016337,35.79833128,17.3267375,17.28419984,18.64654356,29.97351806,14.50747174,rotation_1,winter_barley,2021,2047584,9,Winter_barley_301,01/06/2021,25/10/2021,25/10/2021,21/02/2022,08/03/2022,23/03/2022
22.124114,0.230996909,0.063279683,3.328927087,-0.240546821,3.511338584,5.90381222,90.69456111,63.70653913,29.86204952,61.77978872,42.09216616,23.12466396,48.33422383,40.32699929,12.41718902,6.821775869,14.25859603,11.89646479,10.39676504,5.711791998,11.93855329,9.960768824,rotation_1,winter_barley,2021,2047584,10,Winter_barley_301,01/06/2021,22/11/2021,22/11/2021,17/02/2022,04/03/2022,19/03/2022
27.15754129,0.194848587,0.050750731,3.224717985,-0.26265307,3.593722151,8.026898565,74.55037331,62.03886051,29.70210045,16.32945783,218.567436,280.0208442,186.9218211,273.4404134,64.47739361,82.60614904,55.14193722,80.66492194,53.98615668,69.16514852,46.16968981,67.5397821,rotation_1,winter_barley,2021,2047584,11,Winter_barley_301,01/06/2021,05/11/2021,05/11/2021,19/02/2022,06/03/2022,21/03/2022
37.1149086,0.441335151,0.069708036,3.023398565,-0.235589821,4.211149435,7.813350341,54.31643002,33.4979261,23.34816075,71.15337478,139.2849481,184.8619136,216.1438129,224.40509,41.08905969,54.53426451,63.76242479,66.19950154,34.40338218,45.66089266,53.38752178,55.42805722,rotation_1,winter_barley,2021,2047584,12,Winter_barley_301,01/06/2021,19/10/2021,19/10/2021,12/02/2022,27/02/2022,14/03/2022
50.45548812,0.452465728,0.076404188,3.083501521,-0.238439458,4.929624203,2.426497802,107.7706267,45.86214462,21.14488328,72.43177016,87.19584056,103.727449,57.91773498,89.09659809,25.72277296,30.59959746,17.08573182,26.28349644,21.53737262,25.62067991,14.30568054,22.00685973,rotation_1,winter_barley,2021,2047584,13,Winter_barley_301,01/06/2021,24/11/2021,24/11/2021,18/02/2022,05/03/2022,20/03/2022
35.65706146,0.436880161,0.09640518,3.261835663,-0.286380438,8.02034873,6.341202273,41.08806319,67.33030587,30.66781883,51.73039961,188.1580065,198.1608879,163.4583908,72.20292357,55.50661193,58.45746193,48.22022529,21.29986245,46.47502762,48.94573931,40.37422253,17.83412212,rotation_1,winter_barley,2021,2047584,14,Winter_barley_301,01/06/2021,19/11/2021,19/11/2021,25/02/2022,12/03/2022,27/03/2022
22.6334594,0.235656494,0.063120818,2.914722034,-0.270392494,8.299794273,4.399427909,81.91878792,23.07675612,26.65807261,81.74561726,29.48808805,15.44760237,22.59484757,8.446048939,8.698985975,4.557042698,6.665480034,2.491584437,7.283557749,3.815557785,5.58092735,2.086174088,rotation_1,winter_barley,2021,2047584,15,Winter_barley_301,01/06/2021,26/10/2021,26/10/2021,26/02/2022,13/03/2022,28/03/2022
40.31274974,0.404438212,0.080020026,2.833304997,-0.249698751,2.767578411,4.577872735,97.08606173,61.0457967,18.87177005,33.24104439,116.6842225,133.4361452,109.9403511,42.18622819,34.42184564,39.36366283,32.43240358,12.44493732,28.82100296,32.95872786,27.15526673,10.41999836,rotation_1,winter_barley,2021,2047584,16,Winter_barley_301,01/06/2021,08/10/2021,08/10/2021,22/02/2022,09/03/2022,24/03/2022
22.37220009,0.09417999,0.085964721,3.162781483,-0.263021322,5.076941485,8.389228046,89.40007815,26.3212897,1.966431174,73.34332255,64.68435603,49.77380403,31.71524561,40.11004592,19.08188503,14.68327219,9.355997456,11.83246355,15.97703594,12.2941296,7.833665667,9.907181342,rotation_1,winter_barley,2021,2047584,17,Winter_barley_301,01/06/2021,15/10/2021,15/10/2021,16/02/2022,03/03/2022,18/03/2022
43.93329263,0.179951334,0.08232186,2.981473133,-0.275851372,6.407936142,11.12620637,37.80231267,56.23469354,22.2479441,18.74518605,197.2894335,121.5627938,81.79076279,73.11035003,58.20038288,35.86102417,24.12827502,21.56755326,48.73049007,30.02601007,20.20231841,18.05825646,rotation_1,winter_barley,2021,2047584,18,Winter_barley_301,01/06/2021,25/11/2021,25/11/2021,27/02/2022,14/03/2022,29/03/2022
28.22902349,0.26637531,0.046208896,3.059226114,-0.238761949,5.025094719,11.46111909,51.79557365,58.63553974,35.56752005,73.96139202,99.22905642,63.61488829,177.6841417,268.4824259,29.27257165,18.76639205,52.4168218,79.20231565,24.50957694,15.71287741,43.887983,66.31515921,rotation_1,winter_barley,2021,2047584,19,Winter_barley_301,01/06/2021,13/11/2021,13/11/2021,22/02/2022,09/03/2022,24/03/2022
41.91389043,0.184943902,0.071144113,2.868639449,-0.283866038,1.355343174,8.960727659,42.99478516,71.26047105,8.680808227,61.0840447,67.73556566,137.8092885,119.8074674,125.7118283,19.98199187,40.65374009,35.34320288,37.08498935,16.73068472,34.03889425,29.59244444,31.05082159,rotation_1,winter_barley,2021,2047584,20,Winter_barley_301,01/06/2021,28/09/2021,28/09/2021,21/02/2022,08/03/2022,23/03/2022
46.26002787,0.428261115,0.062792134,3.069664877,-0.249011271,2.841477409,6.554944309,32.38067306,38.93772192,31.15274846,55.69230992,195.4941634,125.0035154,90.1563704,120.9061559,57.6707782,36.87603704,26.59612927,35.66731599,48.28705836,30.8758683,22.26862349,29.8638205,rotation_1,winter_barley,2021,2047584,21,Winter_barley_301,01/06/2021,03/10/2021,03/10/2021,16/02/2022,03/03/2022,18/03/2022
4.32212066,0.36530688,0.051497791,2.88061895,-0.282471636,2.691981285,4.52881028,14.47948227,41.16945364,25.17469334,10.32034432,90.92887491,225.6661849,360.9412829,107.6913984,26.8240181,66.57152455,106.4776784,31.76896254,22.4594321,55.73954767,89.15249687,26.59977541,rotation_1,winter_barley,2021,2047584,22,Winter_barley_301,01/06/2021,14/10/2021,14/10/2021,02/03/2022,17/03/2022,01/04/2022
11.23578816,0.389240561,0.057271047,3.184967181,-0.263747113,3.568442567,5.29822768,73.52812359,34.50278745,15.50184795,68.38965856,108.3345723,65.44158558,65.08695903,64.73786934,31.95869884,19.30526775,19.20065291,19.09767146,26.75863937,16.16407164,16.07647888,15.99025373,rotation_1,winter_barley,2021,2047584,23,Winter_barley_301,01/06/2021,26/09/2021,26/09/2021,25/02/2022,12/03/2022,27/03/2022
52.55908747,0.249040452,0.080791891,3.323218764,-0.24466714,7.167805735,4.984638512,78.93420247,15.18617332,37.86755323,38.54160175,12.50658698,18.9076507,16.57842517,4.174972788,3.68944316,5.577756955,4.890635424,1.231616972,3.089126985,4.670189722,4.094871016,1.031218279,rotation_1,winter_barley,2021,2047584,24,Winter_barley_301,01/06/2021,18/11/2021,18/11/2021,21/02/2022,08/03/2022,23/03/2022
15.19053968,0.150750171,0.077649901,3.173793593,-0.230482277,9.083127925,3.86689886,60.13407783,34.0276713,20.31507882,92.86559379,148.3309285,176.1592042,137.0786554,200.7224939,43.75762391,51.96696524,40.43820335,59.21313571,36.63773934,43.51132344,33.85842789,49.578456,rotation_1,winter_barley,2021,2047584,25,Winter_barley_301,01/06/2021,23/11/2021,23/11/2021,23/02/2022,10/03/2022,25/03/2022
43.20635427,0.272892402,0.067227854,2.898348175,-0.28700578,2.352005158,3.723195823,57.99930704,77.05483428,35.90442841,81.25636738,72.36862654,42.02022552,124.868396,101.76051,21.34874483,12.39596653,36.83617682,30.01935046,17.87505076,10.3789957,30.84249381,25.13484598,rotation_1,winter_barley,2021,2047584,26,Winter_barley_301,01/06/2021,25/10/2021,25/10/2021,21/02/2022,08/03/2022,23/03/2022
14.00351107,0.188659684,0.084357262,3.204721199,-0.274650674,1.916248462,2.869933622,100.6652181,16.13685175,22.95946705,86.34125521,132.3016938,234.4649216,397.9808051,200.8374647,39.02899967,69.16715187,117.4043375,59.2470521,32.67851837,57.91283564,98.30125885,49.60685379,rotation_1,winter_barley,2021,2047584,27,Winter_barley_301,01/06/2021,22/10/2021,22/10/2021,25/02/2022,12/03/2022,27/03/2022
49.53773711,0.23873745,0.083945575,3.126321521,-0.273254425,3.241209457,4.21917096,106.3216973,87.95937986,31.30986572,36.10092818,128.7254289,299.6585757,212.0349077,151.4290777,37.97400153,88.39927982,62.55029778,44.67157792,31.79518094,74.01566819,52.37262221,37.40298219,rotation_1,winter_barley,2021,2047584,28,Winter_barley_301,01/06/2021,01/12/2021,01/12/2021,12/02/2022,27/02/2022,14/03/2022
28.81061869,0.155775643,0.059540131,3.030342748,-0.25625783,7.493161543,5.500959135,38.45968203,61.5718551,41.44883414,37.51370359,73.69776132,72.48875545,83.36829171,38.94071956,21.74083959,21.38418286,24.59364606,11.48751227,18.20334705,17.9047226,20.59196805,9.618357732,rotation_1,winter_barley,2021,2047584,29,Winter_barley_301,01/06/2021,30/09/2021,30/09/2021,13/02/2022,28/02/2022,15/03/2022
15.94030903,0.371417247,0.084009662,2.926769724,-0.241046188,3.708491768,4.034776102,84.6026797,43.97311301,18.64232586,41.44617921,124.5786302,62.71468196,82.79449803,122.6214724,36.75069592,18.50083118,24.42437692,36.17333436,30.77092167,15.49052644,20.45024101,30.28750368,rotation_1,winter_barley,2021,2047584,30,Winter_barley_301,01/06/2021,24/10/2021,24/10/2021,20/02/2022,07/03/2022,22/03/2022
50.87679822,0.213445524,0.060064498,3.211523036,-0.236517452,6.156465837,3.390353592,108.3337602,26.72674941,12.7557979,42.22885127,101.6390056,100.3025772,28.62386078,111.4966133,29.98350665,29.58926026,8.444038931,32.89150091,25.10483438,24.77473656,7.070093613,27.53966347,rotation_1,winter_barley,2021,2047584,31,Winter_barley_301,01/06/2021,03/11/2021,03/11/2021,04/03/2022,19/03/2022,03/04/2022
23.21936298,0.229448577,0.061046413,3.315220459,-0.266137244,3.340187716,6.774938595,110.6213372,46.40520878,39.16590711,42.53998265,124.1049834,8.108530913,198.1346674,3.958844544,36.61097011,2.392016619,58.44972687,1.167859141,30.6539309,2.002807135,48.93926284,0.977834602,rotation_1,winter_barley,2021,2047584,32,Winter_barley_301,01/06/2021,06/11/2021,06/11/2021,26/02/2022,13/03/2022,28/03/2022
33.32439227,0.115449711,0.071008255,3.404227988,-0.239193897,4.67477429,2.664464821,39.11561992,19.13604056,31.88644351,30.21783793,320.2284575,110.6742622,74.62958661,260.1052207,94.46739497,32.64890734,22.01572805,76.73104012,79.09642901,27.33654275,18.43350789,64.24598952,rotation_1,winter_barley,2021,2047584,33,Winter_barley_301,01/06/2021,15/10/2021,15/10/2021,16/02/2022,03/03/2022,18/03/2022
56.05262378,0.13420503,0.054522241,3.219401777,-0.254000548,2.542216612,9.727812514,124.7688538,20.03464853,18.0669934,32.60187513,351.9964533,65.75258119,20.97112418,164.1551299,103.8389537,19.39701145,6.186481633,48.42576333,86.94312396,16.24088755,5.179867673,40.5463171,rotation_1,winter_barley,2021,2047584,34,Winter_barley_301,01/06/2021,13/11/2021,13/11/2021,24/02/2022,11/03/2022,26/03/2022
21.92193096,0.207433261,0.050945789,3.254477441,-0.284188996,0.331047737,7.70925688,23.46415932,57.68291251,26.13541533,53.61304139,167.5385215,48.3915643,184.1394986,226.3616734,49.42386383,14.27551147,54.3211521,66.77669365,41.3820148,11.95271638,45.48245617,55.91133333,rotation_1,winter_barley,2021,2047584,35,Winter_barley_301,01/06/2021,12/11/2021,12/11/2021,19/02/2022,06/03/2022,21/03/2022
37.51679573,0.216031901,0.078081113,2.816637918,-0.234034768,4.354470899,8.678204005,85.38729003,37.16434962,10.71270897,71.64444512,42.90395885,187.3399897,173.2150945,234.5851899,12.65666786,55.26529697,51.09845287,69.20263101,10.59727784,46.27297746,42.78412834,57.9425419,rotation_1,winter_barley,2021,2047584,36,Winter_barley_301,01/06/2021,10/11/2021,10/11/2021,05/03/2022,20/03/2022,04/04/2022
25.09652528,0.393088814,0.065689289,2.866907098,-0.245565053,8.701944825,9.60588302,56.18082314,57.14461925,25.75680345,90.23478243,176.7701887,14.09666272,281.5056409,272.7605226,52.14720566,4.158515501,83.04416406,80.46435416,43.6622366,3.481875691,69.5318933,67.37184907,rotation_1,winter_barley,2021,2047584,37,Winter_barley_301,01/06/2021,04/11/2021,04/11/2021,03/03/2022,18/03/2022,02/04/2022
36.28451572,0.142813426,0.06236289,3.292826638,-0.278549119,4.991134585,6.466214659,22.87010869,44.98902482,6.919583998,36.6083872,47.03295491,59.27509497,41.7362672,80.18851671,13.8747217,17.48615302,12.31219883,23.65561243,11.61713986,14.64094846,10.308858,19.80656363,rotation_1,winter_barley,2021,2047584,38,Winter_barley_301,01/06/2021,28/10/2021,28/10/2021,06/03/2022,21/03/2022,05/04/2022
26.01010415,0.2059105,0.07359407,3.216070181,-0.22464002,3.017702823,8.999985752,106.7359558,75.36319803,8.088581735,77.72427948,120.1161852,22.22182703,71.60460439,116.3381285,35.43427464,6.555438975,21.1233583,34.31974789,29.66869775,5.488791277,17.68633728,28.73551773,rotation_1,winter_barley,2021,2047584,39,Winter_barley_301,01/06/2021,30/09/2021,30/09/2021,12/02/2022,27/02/2022,14/03/2022
9.036527864,0.286861354,0.088078457,3.188226598,-0.261641021,8.808289049,10.76993799,16.9545673,63.87286976,41.23694086,57.24276969,28.12689423,54.82720546,9.552734592,43.89355235,8.297433797,16.17402561,2.818056705,12.94859794,6.947342874,13.54231975,2.359525444,10.84170743,rotation_1,winter_barley,2021,2047584,40,Winter_barley_301,01/06/2021,22/10/2021,22/10/2021,01/03/2022,16/03/2022,31/03/2022
20.17822126,0.173262061,0.075510006,3.107683151,-0.24989097,7.872402394,9.975328116,91.34035862,52.39906829,31.53104327,79.22679439,209.1471396,197.4944156,203.4121594,80.80329546,61.69840618,58.26085261,60.00658701,23.83697216,51.65934348,48.78112066,50.24280336,19.95841398,rotation_1,winter_barley,2021,2047584,41,Winter_barley_301,01/06/2021,05/10/2021,05/10/2021,28/02/2022,15/03/2022,30/03/2022
34.31726801,0.408922507,0.058365849,3.113820417,-0.280642039,7.092774304,12.21368371,65.50712256,64.94106009,13.94506331,37.71778196,100.1977924,155.597389,89.12132132,59.69485471,29.55834876,45.90122977,26.29078979,17.60998214,24.74885472,38.43255509,22.01296637,14.74462911,rotation_1,winter_barley,2021,2047584,42,Winter_barley_301,01/06/2021,05/12/2021,05/12/2021,22/02/2022,09/03/2022,24/03/2022
9.903024361,0.277077672,0.047469975,3.048910056,-0.28834737,6.691000323,10.90044635,20.62219148,28.13313266,47.60376031,60.94475965,105.715987,118.802627,52.25565073,71.46163835,31.18621617,35.04677495,15.41541697,21.08118331,26.11184879,29.34424886,12.90714573,17.65102467,rotation_1,winter_barley,2021,2047584,43,Winter_barley_301,01/06/2021,28/10/2021,28/10/2021,20/02/2022,07/03/2022,22/03/2022
40.16786553,0.318668943,0.081847866,2.722769666,-0.253131999,2.095211794,9.212114871,141.679603,53.65177971,5.796720274,42.87667023,215.9436735,213.8999431,11.83162597,78.47454543,63.70338368,63.10048321,3.490329662,23.1499909,53.33808736,52.83328594,2.922411615,19.38321272,rotation_1,winter_barley,2021,2047584,44,Winter_barley_301,01/06/2021,09/11/2021,09/11/2021,17/02/2022,04/03/2022,19/03/2022
25.18027533,0.049989102,0.054012092,3.258598734,-0.271504975,5.851813417,6.220400663,64.76334365,39.98285145,42.83472704,92.65811686,34.64162129,216.4503102,214.3082482,182.4626974,10.21927828,63.8528415,63.22093323,53.82649575,8.55648046,53.46322661,52.93413731,45.06828627,rotation_1,winter_barley,2021,2047584,45,Winter_barley_301,01/06/2021,06/11/2021,06/11/2021,02/03/2022,17/03/2022,01/04/2022
2.995303825,0.006390899,0.06040219,3.365306656,-0.273881335,7.28338157,7.40080443,46.90157912,45.29739746,15.25012644,58.87254511,398.8045603,11.12577969,409.2477333,90.19978118,117.6473453,3.282105007,120.7280813,26.60893545,98.50472639,2.748067582,101.0841901,22.27934595,rotation_1,winter_barley,2021,2047584,46,Winter_barley_301,01/06/2021,14/11/2021,14/11/2021,15/02/2022,02/03/2022,17/03/2022
51.91932032,0.374147184,0.093685802,3.118901296,-0.288641267,2.489586493,6.039875415,61.64893299,22.75725209,3.693962088,53.24735029,85.33581706,41.2752887,84.41033119,25.32822709,25.17406603,12.17621017,24.9010477,7.471826992,21.07794681,10.19499631,20.8493518,6.256072092,rotation_1,winter_barley,2021,2047584,47,Winter_barley_301,01/06/2021,12/10/2021,12/10/2021,22/02/2022,09/03/2022,24/03/2022
24.74623074,0.105197118,0.078408728,3.270167327,-0.247321391,1.74544856,12.63334329,40.45265179,34.78390225,29.31848924,49.33199253,192.511882,249.9493618,229.2407499,199.5812199,56.7910052,73.73506172,67.62602121,58.87645987,47.55043486,61.73749235,56.62246522,49.29656131,rotation_1,winter_barley,2021,2047584,48,Winter_barley_301,01/06/2021,24/11/2021,24/11/2021,28/02/2022,15/03/2022,30/03/2022
29.41405569,0.282103896,0.08902249,3.055496226,-0.263064143,7.63929384,9.083303998,149.3074553,95.02272748,17.5811671,59.14995149,234.2671454,94.19780154,112.9807303,312.7352094,69.1088079,27.78835145,33.32931543,92.25688677,57.86398492,23.26685698,27.90624038,77.24559672,rotation_1,winter_barley,2021,2047584,49,Winter_barley_301,01/06/2021,21/10/2021,21/10/2021,23/02/2022,10/03/2022,25/03/2022
32.26053237,0.063944731,0.069247905,3.087163241,-0.260516506,6.895765147,4.622622573,109.9618259,31.63733828,46.75780377,4.725007487,49.91344407,34.72742419,159.3634101,58.74901966,14.724466,10.24459014,47.01220599,17.3309608,12.32862069,8.577673776,39.3627623,14.51100786,rotation_1,winter_barley,2021,2047584,50,Winter_barley_301,01/06/2021,20/09/2021,20/09/2021,17/02/2022,04/03/2022,19/03/2022
15.6292411,0.175758641,0.095683345,2.945467859,-0.24652841,1.527222811,0.574430233,82.46368336,36.86470097,15.98804134,17.49438214,8.923512936,228.1838467,375.2494283,325.4770844,2.632436316,67.31423476,110.6985814,96.0157399,2.204107695,56.36141012,92.68660879,80.39283985,rotation_1,winter_barley,2021,2047584,51,Winter_barley_301,01/06/2021,10/10/2021,10/10/2021,22/02/2022,09/03/2022,24/03/2022
4.719971587,0.306974308,0.068530295,3.476450531,-0.241663665,1.445031461,4.111897405,122.5751272,84.87197266,38.7293756,25.11705637,10.23932595,313.8157112,57.63110156,118.1391707,3.020601157,92.5756348,17.00117496,34.85105536,2.529113511,77.51248066,14.23488208,29.18037517,rotation_1,winter_barley,2021,2047584,52,Winter_barley_301,01/06/2021,02/11/2021,02/11/2021,24/02/2022,11/03/2022,26/03/2022
39.41243008,0.292650038,0.043567697,2.845011458,-0.234819455,7.294418856,6.621370988,120.2784469,50.69457398,32.68164934,91.51776294,133.1404302,39.75003565,65.13133616,63.67145516,39.27642692,11.72626052,19.21374417,18.78307927,32.88568627,9.818258806,16.08744003,15.72684942,rotation_1,winter_barley,2021,2047584,53,Winter_barley_301,01/06/2021,07/10/2021,07/10/2021,22/02/2022,09/03/2022,24/03/2022
16.89747497,0.073695216,0.04846647,2.94348406,-0.243915477,5.25369135,12.4374297,78.60836368,91.99483624,34.97634329,52.13511365,50.79246195,55.64564722,26.53147477,43.5525881,14.98377628,16.41546593,7.826785058,12.84801349,12.5457381,13.74447486,6.553274269,10.75748926,rotation_1,winter_barley,2021,2047584,54,Winter_barley_301,01/06/2021,23/11/2021,23/11/2021,16/02/2022,03/03/2022,18/03/2022
6.860539699,0.323941035,0.047162983,2.906139745,-0.262052368,1.192290841,10.11946169,80.59328915,78.92291553,38.42163778,55.19343993,87.18194933,108.692355,117.988444,393.9608074,25.71867505,32.06424471,34.80659099,116.2184382,21.53394149,26.84701168,29.14314567,97.30831942,rotation_1,winter_barley,2021,2047584,55,Winter_barley_301,01/06/2021,29/09/2021,29/09/2021,02/03/2022,17/03/2022,01/04/2022
56.83813414,0.353061581,0.082611941,3.159011874,-0.221341776,5.517632177,7.284191706,129.4029616,15.45179564,22.07742978,44.91777268,114.0106232,28.56457019,183.2259382,168.1481793,33.63313384,8.426548205,54.05165176,49.6037129,28.16062393,7.055448836,45.25680673,41.5326003,rotation_1,winter_barley,2021,2047584,56,Winter_barley_301,01/06/2021,11/10/2021,11/10/2021,23/02/2022,10/03/2022,25/03/2022
27.73818851,0.059648598,0.088548768,3.420670611,-0.259695954,8.923178547,0.159651652,54.75687815,70.14427839,26.70905202,44.12877875,28.06327693,96.30482639,73.2012677,27.21954257,8.278666696,28.40992378,21.59437397,8.029765059,6.931629403,23.78729212,18.08071312,6.723227015,rotation_1,winter_barley,2021,2047584,57,Winter_barley_301,01/06/2021,30/10/2021,30/10/2021,28/02/2022,15/03/2022,30/03/2022
4.061015869,0.395689745,0.068678239,3.076853332,-0.224394353,9.540007449,6.965348779,119.7880002,69.59249705,11.72281248,35.02224301,22.47408723,5.578524832,29.86011743,10.4908509,6.629855734,1.645664825,8.808734642,3.094801015,5.551099547,1.377895634,7.375449005,2.591240172,rotation_1,winter_barley,2021,2047584,58,Winter_barley_301,01/06/2021,09/10/2021,09/10/2021,28/02/2022,15/03/2022,30/03/2022
17.61903401,0.357303113,0.048858979,3.199142848,-0.295953394,2.251020075,12.15446136,47.58317554,43.068597,48.56607917,98.55986655,150.0449126,239.6314049,227.7428221,171.808946,44.26324922,70.69126444,67.18413253,50.68363908,37.06109342,59.18895701,56.25247707,42.43680967,rotation_1,winter_barley,2021,2047584,59,Winter_barley_301,01/06/2021,06/10/2021,06/10/2021,20/02/2022,07/03/2022,22/03/2022
1.994374646,0.16755991,0.056328015,2.996310412,-0.222061707,3.997605292,7.345729387,71.28177217,54.26110294,22.50677366,32.19232409,110.3923367,107.3034449,36.2610673,47.57001672,32.56573932,31.65451626,10.69701485,14.03315493,27.26690716,26.5039509,8.956483622,11.74979413,rotation_1,winter_barley,2021,2047584,60,Winter_barley_301,01/06/2021,02/10/2021,02/10/2021,11/02/2022,26/02/2022,13/03/2022
57.27673339,0.247065771,0.064271998,2.857402497,-0.250739205,4.812523738,3.569780178,58.47910525,3.440335589,8.849949862,3.625054069,178.9233264,219.7573582,168.1950412,220.230573,52.78238128,64.82842066,49.61753716,64.96801903,44.19406162,54.28006747,41.54417518,54.39695153,rotation_1,winter_barley,2021,2047584,61,Winter_barley_301,01/06/2021,17/11/2021,17/11/2021,26/02/2022,13/03/2022,28/03/2022
10.51268146,0.43851349,0.085138794,3.180514702,-0.231838855,2.75058879,7.845178975,53.45736595,46.94102327,45.85064257,87.85857103,330.804596,110.8102146,90.45949517,174.5082163,97.58735583,32.68901331,26.68555108,51.47992381,81.70873522,27.37012301,22.34349531,43.10352943,rotation_1,winter_barley,2021,2047584,62,Winter_barley_301,01/06/2021,19/11/2021,19/11/2021,02/03/2022,17/03/2022,01/04/2022
10.83821341,0.489592139,0.055139018,3.165209609,-0.277466001,8.381916809,6.112568503,124.0922815,36.23283533,20.17530494,31.16103251,0.799542628,3.903215488,8.334446731,5.734644797,0.235865075,1.151448569,2.458661786,1.691720215,0.197487029,0.964094226,2.058608343,1.416457265,rotation_1,winter_barley,2021,2047584,63,Winter_barley_301,01/06/2021,26/10/2021,26/10/2021,26/02/2022,13/03/2022,28/03/2022
17.38004711,0.052666732,0.094818338,2.712747739,-0.287489869,0.20258957,1.369995668,147.3391416,42.20841384,18.23304641,43.55281319,234.6569587,222.6710387,151.5531969,318.044287,69.22380282,65.68795642,44.70819308,93.82306466,57.9602688,54.99974656,37.43363963,78.55693888,rotation_1,winter_barley,2021,2047584,64,Winter_barley_301,01/06/2021,20/11/2021,20/11/2021,18/02/2022,05/03/2022,20/03/2022
42.96512044,0.125393979,0.091823227,3.264762903,-0.222883646,3.135106556,8.449800814,101.3992533,66.43006822,23.20555138,19.54792878,146.1360042,42.38939619,176.1065706,146.6964497,43.11012124,12.50487188,51.95143832,43.27545267,36.09559304,10.47018086,43.49832293,36.23402308,rotation_1,winter_barley,2021,2047584,65,Winter_barley_301,01/06/2021,04/12/2021,04/12/2021,17/02/2022,04/03/2022,19/03/2022
41.39832451,0.344482353,0.051287093,2.987616524,-0.285157629,7.751286172,10.60728856,44.02215192,97.94191928,17.07287879,20.72522594,10.55857644,25.75413478,41.88990094,57.56263888,3.114780049,7.597469761,12.35752078,16.98097847,2.60796838,6.361271291,10.34680553,14.2179718,rotation_1,winter_barley,2021,2047584,66,Winter_barley_301,01/06/2021,10/10/2021,10/10/2021,13/02/2022,28/02/2022,15/03/2022
58.56169153,0.258173154,0.055654271,3.235978322,-0.272027824,4.786562598,6.80655359,42.55963949,16.93449823,46.92157259,25.50322831,15.06289737,46.05309766,35.48538531,54.44687593,4.443554724,13.58566381,10.46818867,16.0618284,3.72053565,11.37511512,8.764890171,13.44837835,rotation_1,winter_barley,2021,2047584,67,Winter_barley_301,01/06/2021,05/12/2021,05/12/2021,18/02/2022,05/03/2022,20/03/2022
30.45613815,0.275466097,0.098160582,3.298543935,-0.245424271,6.849816546,5.983397669,133.898986,30.27962866,5.364741343,64.66809399,142.6779274,246.8638979,121.8974627,196.6041667,42.08998858,72.82484988,35.9597515,57.99822918,35.24144806,60.97538278,30.10867329,48.56122918,rotation_1,winter_barley,2021,2047584,68,Winter_barley_301,01/06/2021,07/11/2021,07/11/2021,11/02/2022,26/02/2022,13/03/2022
58.57315884,0.146645995,0.096944778,3.049238112,-0.296799064,0.750463475,10.16577809,145.2429126,58.30108937,42.58099555,83.43527107,183.940064,265.648286,82.63880281,94.1389629,54.26231889,78.36624438,24.37844683,27.77099405,45.43319582,65.61512665,20.41178429,23.25232384,rotation_1,winter_barley,2021,2047584,69,Winter_barley_301,01/06/2021,15/11/2021,15/11/2021,16/02/2022,03/03/2022,18/03/2022
42.76144333,0.087177267,0.063579349,2.835113222,-0.257569501,0.91114935,3.743782356,48.29702577,60.01055734,7.299484142,7.372915004,135.1485504,64.13558394,8.147469384,9.086709631,39.86882238,18.91999726,2.403503468,2.680579341,33.38169196,15.84148923,2.012424938,2.244417279,rotation_1,winter_barley,2021,2047584,70,Winter_barley_301,01/06/2021,18/10/2021,18/10/2021,23/02/2022,10/03/2022,25/03/2022
27.48764936,0.378054438,0.052398984,2.958074658,-0.240849469,8.062971789,6.288764722,39.83726512,96.42363612,0.707816575,82.17450716,14.911586,31.51904686,233.760254,191.2828402,4.398917869,9.298118824,68.95927493,56.42843787,3.683161741,7.785204575,57.73878274,47.24686154,rotation_1,winter_barley,2021,2047584,71,Winter_barley_301,01/06/2021,13/10/2021,13/10/2021,20/02/2022,07/03/2022,22/03/2022
55.46747692,0.448095694,0.085519594,2.88255235,-0.260010147,6.336873901,10.248972,56.77695523,88.95642476,43.26305824,77.35491658,250.2689209,160.4566116,157.2309961,227.0875235,73.82933166,47.33470042,46.38314386,66.99081945,61.81642346,39.63278306,38.83605605,56.09061832,rotation_1,winter_barley,2021,2047584,72,Winter_barley_301,01/06/2021,27/10/2021,27/10/2021,20/02/2022,07/03/2022,22/03/2022
59.38146652,0.128985092,0.080447215,3.044068483,-0.267252787,4.164592498,0.732864192,63.69147369,3.836654338,25.56578722,88.9638474,9.99404301,2.910308181,8.339288346,1.476245381,2.948242688,0.858540914,2.460090062,0.435492387,2.468528623,0.718846121,2.059804221,0.364632609,rotation_1,winter_barley,2021,2047584,73,Winter_barley_301,01/06/2021,22/11/2021,22/11/2021,14/02/2022,01/03/2022,16/03/2022
33.96305,0.164485728,0.070623796,2.902476709,-0.295129356,4.592010848,5.567050464,120.9299236,6.939030703,19.58982572,38.71889627,24.61418545,57.218106,57.66789152,55.17006113,7.261184707,16.87934127,17.012028,16.27516803,6.079703805,14.13287218,14.2439692,13.6270051,rotation_1,winter_barley,2021,2047584,74,Winter_barley_301,01/06/2021,27/11/2021,27/11/2021,04/03/2022,19/03/2022,03/04/2022
32.77745873,0.029348955,0.07413803,2.875627739,-0.285111362,9.776147728,11.59684632,12.69228074,48.64552611,12.2571036,63.55536852,109.7915283,159.3091827,67.30928228,258.6465859,32.38850086,46.9962089,19.85623827,76.30074285,27.1185075,39.34936813,16.62539272,63.88570672,rotation_1,winter_barley,2021,2047584,75,Winter_barley_301,01/06/2021,13/11/2021,13/11/2021,06/03/2022,21/03/2022,05/04/2022
51.61097842,0.144189069,0.090222862,3.363071398,-0.285822581,4.870132742,9.523761155,138.8806619,50.3076759,40.02828116,77.09045144,77.77088039,113.3001655,174.0000797,185.6505915,22.94240971,33.42354882,51.3300235,54.7669245,19.20940746,27.98514088,42.97801967,45.85569611,rotation_1,winter_barley,2021,2047584,76,Winter_barley_301,01/06/2021,07/10/2021,07/10/2021,16/02/2022,03/03/2022,18/03/2022
28.51221221,0.400727139,0.099970454,3.111588866,-0.232321432,4.000221413,1.061187657,88.73330047,28.86965532,35.13632992,78.77710723,359.7244583,177.063538,157.6961709,70.14070979,106.1187152,52.23374371,46.52037043,20.69150939,88.8519412,43.73469389,38.95095422,17.32475532,rotation_1,winter_barley,2021,2047584,77,Winter_barley_301,01/06/2021,23/09/2021,23/09/2021,25/02/2022,12/03/2022,27/03/2022
12.92495608,0.256050198,0.045448401,2.961984025,-0.235130381,4.111127924,1.30747793,35.89458615,69.06854956,34.62404337,44.38390437,47.68839175,18.90732949,16.80313961,4.860482454,14.06807557,5.577662201,4.956926184,1.433842324,11.77903276,4.670110385,4.150375483,1.200539166,rotation_1,winter_barley,2021,2047584,78,Winter_barley_301,01/06/2021,10/12/2021,10/12/2021,19/02/2022,06/03/2022,21/03/2022
25.73338428,0.361105265,0.055421538,2.806533763,-0.254641944,0.089152671,5.184315296,14.7961391,11.87279395,39.5971104,10.93597427,93.62191326,72.81410297,141.0974419,162.6587504,27.61846441,21.48016038,41.62374535,47.98433138,23.12461258,17.98508343,34.85106814,40.17671136,rotation_1,winter_barley,2021,2047584,79,Winter_barley_301,01/06/2021,09/11/2021,09/11/2021,16/02/2022,03/03/2022,18/03/2022
11.47649823,0.140139106,0.05047859,2.837618357,-0.294686816,9.398999341,5.254453601,33.84897817,42.84840661,40.5759344,23.00515125,2.866717628,59.35052414,57.91995484,40.12289724,0.8456817,17.50840462,17.08638668,11.83625469,0.708079254,14.65957946,14.30622884,9.910355618,rotation_1,winter_barley,2021,2047584,80,Winter_barley_301,01/06/2021,21/11/2021,21/11/2021,13/02/2022,28/02/2022,15/03/2022
17.98724216,0.121663601,0.044467639,2.828185911,-0.243406857,1.138386841,11.69865179,11.81250127,13.67256979,5.109992268,68.80059707,53.52914084,108.5508698,29.929937,111.4025007,15.79109655,32.02250658,8.829331415,32.8637377,13.22169779,26.81206483,7.392694439,27.51641767,rotation_1,winter_barley,2021,2047584,81,Winter_barley_301,01/06/2021,22/09/2021,22/09/2021,18/02/2022,05/03/2022,20/03/2022
50.82494572,0.120191609,0.07735023,3.425219213,-0.255287432,3.181588107,9.438506695,79.44013739,70.51713839,41.7130719,79.80152837,99.73425832,244.8990073,126.7415639,380.2193858,29.4216062,72.24520716,37.38876135,112.1647188,24.63436181,60.49005481,31.30516628,93.9141883,rotation_1,winter_barley,2021,2047584,82,Winter_barley_301,01/06/2021,09/12/2021,09/12/2021,23/02/2022,10/03/2022,25/03/2022
11.97274755,0.33469001,0.09042624,2.784793368,-0.276705769,7.137781619,11.83244354,100.8711519,39.38656512,9.537725011,17.83435936,99.18980009,250.0226064,200.2669339,144.8159665,29.26099103,73.75666889,59.07874549,42.72071013,24.49988062,61.75558378,49.46593267,35.76954373,rotation_1,winter_barley,2021,2047584,83,Winter_barley_301,01/06/2021,27/09/2021,27/09/2021,19/02/2022,06/03/2022,21/03/2022
38.6672136,0.416213027,0.072347157,3.229642333,-0.233685716,1.425929837,0.535800054,128.6399633,85.27874592,34.46523236,31.64142685,333.7081622,264.4765496,68.98644237,211.4580615,98.44390784,78.02058214,20.3510005,62.38012815,82.42591606,65.32570776,17.03965127,52.2301412,rotation_1,winter_barley,2021,2047584,84,Winter_barley_301,01/06/2021,05/12/2021,05/12/2021,17/02/2022,04/03/2022,19/03/2022
1.294513301,0.478874897,0.058860408,3.000678851,-0.272494722,3.8093435,12.77478347,99.64280869,8.706790934,47.76653286,96.97439628,164.3274396,147.8640133,183.381136,96.81971415,48.47659468,43.61988391,54.09743511,28.56181567,40.58887758,36.52241128,45.29514058,23.9144694,rotation_1,winter_barley,2021,2047584,85,Winter_barley_301,01/06/2021,21/10/2021,21/10/2021,27/02/2022,14/03/2022,29/03/2022
50.09248627,0.037947127,0.056622386,3.309142629,-0.264934697,8.605768933,8.107603622,133.0826871,51.36441041,7.689368537,35.49275607,17.72701894,14.91200604,24.8985391,21.91537543,5.229470588,4.399041782,7.345069034,6.465035751,4.378573679,3.683265492,6.149939157,5.413097731,rotation_1,winter_barley,2021,2047584,86,Winter_barley_301,01/06/2021,20/10/2021,20/10/2021,15/02/2022,02/03/2022,17/03/2022
42.48895786,0.217281244,0.065056813,3.092513476,-0.231662648,2.155576424,11.796497,139.9260645,48.26360791,18.39730217,76.27078174,1.067322988,163.9866823,126.1923896,123.5837312,0.314860281,48.37607128,37.22675493,36.4572007,0.263628778,40.50471053,31.16952023,30.5251816,rotation_1,winter_barley,2021,2047584,87,Winter_barley_301,01/06/2021,16/09/2021,16/09/2021,13/02/2022,28/02/2022,15/03/2022
31.50016023,0.350530408,0.062266888,2.891412047,-0.235718215,7.400675855,11.26115556,134.9592013,47.38476957,6.459768006,95.91441558,157.9879501,107.9573233,252.4602479,65.84493758,46.60644527,31.84741038,74.47577313,19.42425659,39.02302367,26.66545886,62.35768123,16.26369958,rotation_1,winter_barley,2021,2047584,88,Winter_barley_301,01/06/2021,12/12/2021,12/12/2021,24/02/2022,11/03/2022,26/03/2022
20.90178039,0.330388953,0.075214444,3.401928073,-0.246194089,6.654013919,8.32528368,13.41502179,18.98391499,26.95230834,0.55446084,18.79247854,184.5115561,49.41038212,119.5609768,5.543781169,54.43090906,14.57606272,35.27048815,4.641742199,45.57435436,12.20436438,29.53156127,rotation_1,winter_barley,2021,2047584,89,Winter_barley_301,01/06/2021,27/09/2021,27/09/2021,15/02/2022,02/03/2022,17/03/2022
23.64738688,0.28993959,0.084781177,2.886768137,-0.271024295,0.520514383,2.344066179,31.86666831,98.48986313,13.37915612,27.08391103,269.959351,217.3630351,220.3627711,46.78886785,79.63800854,64.12209534,65.00701748,13.80271602,66.67995969,53.68866966,54.42960447,11.55685036,rotation_1,winter_barley,2021,2047584,90,Winter_barley_301,01/06/2021,04/12/2021,04/12/2021,21/02/2022,08/03/2022,23/03/2022
23.9036053,0.089002801,0.094063291,2.768744964,-0.250899667,1.704826008,11.49527047,113.024846,8.138272285,46.21503408,78.44269039,25.38109942,0.679266593,73.01960539,78.3264975,7.487424329,0.200383645,21.54078359,23.10631676,6.269131557,0.167778848,18.03584253,19.34664488,rotation_1,winter_barley,2021,2047584,91,Winter_barley_301,01/06/2021,17/10/2021,17/10/2021,10/02/2022,25/02/2022,12/03/2022
19.81081742,0.159068295,0.040793498,2.917736,-0.290162324,0.902922766,7.037338098,43.8145824,89.88319514,6.218002189,66.65758143,20.61004832,15.57809909,68.81407228,49.47874698,6.079964255,4.595539233,20.30015132,14.59623036,5.090681936,3.847790476,16.99707585,12.2212505,rotation_1,winter_barley,2021,2047584,92,Winter_barley_301,01/06/2021,18/10/2021,18/10/2021,19/02/2022,06/03/2022,21/03/2022
12.02726449,0.345248682,0.05366777,3.31063688,-0.246925137,7.430731702,12.10595856,119.2663171,80.92593032,43.81975025,62.89637854,0.666448829,0.091365672,1.948958814,1.234595139,0.196602405,0.026952873,0.57494285,0.364205566,0.164612861,0.022567321,0.481392827,0.304944999,rotation_1,winter_barley,2021,2047584,93,Winter_barley_301,01/06/2021,16/11/2021,16/11/2021,10/02/2022,25/02/2022,12/03/2022
8.019925072,0.392855543,0.053744948,3.246267446,-0.268512373,8.505460946,13.94973422,58.89805368,93.39236902,6.171941789,73.18262951,259.0011559,36.91269996,46.39652092,266.0534436,76.40534098,10.88924649,13.68697367,78.48576585,63.9732855,9.117436889,11.45994067,65.71520056,rotation_1,winter_barley,2021,2047584,94,Winter_barley_301,01/06/2021,06/10/2021,06/10/2021,17/02/2022,04/03/2022,19/03/2022
39.96750547,0.483602946,0.083129239,3.411431917,-0.293093159,6.126950819,5.041586597,102.0281985,30.71282473,21.26415282,69.9960402,16.49910723,225.6149766,18.57329988,257.0756935,4.867236633,66.55641809,5.479123464,75.83732957,4.075279486,55.72689921,4.587605069,63.49769628,rotation_1,winter_barley,2021,2047584,95,Winter_barley_301,01/06/2021,22/11/2021,22/11/2021,03/03/2022,18/03/2022,02/04/2022
46.80265758,0.452298911,0.067850299,3.468216318,-0.277610243,5.584453731,2.700718157,36.50980454,74.40690134,22.71375075,52.53364415,159.373971,264.4172416,206.2113034,201.3078247,47.01532145,78.00308628,60.83233451,59.38580827,39.36537084,65.31105868,50.93419194,49.72303269,rotation_1,winter_barley,2021,2047584,96,Winter_barley_301,01/06/2021,16/11/2021,16/11/2021,14/02/2022,01/03/2022,16/03/2022
41.06437222,0.47318665,0.092084565,3.305337889,-0.242623385,6.055555429,12.99374468,118.582617,91.88520349,13.07403072,13.18955091,2.689533631,20.38108916,2.092963646,20.93797243,0.793412421,6.012421302,0.617424276,6.176701868,0.664314807,5.034129023,0.516962021,5.171679191,rotation_1,winter_barley,2021,2047584,97,Winter_barley_301,01/06/2021,14/10/2021,14/10/2021,17/02/2022,04/03/2022,19/03/2022
30.01007102,0.186940659,0.076285369,3.318076505,-0.258403357,6.223491063,1.236391897,29.46798875,25.60485029,32.59183392,15.40674994,223.6551281,284.9646057,193.6285686,152.482483,65.97826278,84.06455868,57.12042775,44.98233248,55.24281663,70.38625761,47.82625645,37.6631733,rotation_1,winter_barley,2021,2047584,98,Winter_barley_301,01/06/2021,22/09/2021,22/09/2021,06/03/2022,21/03/2022,05/04/2022
48.82178484,0.007143242,0.078795544,3.415320129,-0.247993778,4.414602205,13.59439067,83.74588822,90.12997898,4.27780987,29.73880056,47.5898872,388.4812018,171.745905,84.99759402,14.03901672,114.6019545,50.66504198,25.07429024,11.75470214,95.95485684,42.42123854,20.99440572,rotation_1,winter_barley,2021,2047584,99,Winter_barley_301,01/06/2021,23/10/2021,23/10/2021,13/02/2022,28/02/2022,15/03/2022
31.90069735,0.357029214,0.087877389,2.91093671,-0.289763735,3.619391065,11.17003737,98.92767967,81.06339323,8.555484938,2.427121839,70.08115573,31.76830035,51.72858049,103.4535594,20.67394094,9.371648603,15.25993125,30.51880002,17.31004547,7.846770186,12.77695938,25.55302917,rotation_1,winter_barley,2021,2047584,100,Winter_barley_301,01/06/2021,19/09/2021,19/09/2021,02/03/2022,17/03/2022,01/04/2022
32.95725813,0.203185165,0.064674808,3.370366807,-0.298226083,1.785770423,5.842230974,72.6748843,72.1743447,1.368902688,16.17138211,172.3646668,175.4188828,183.3101856,131.8053813,50.8475767,51.74857041,54.07650476,38.88258748,42.5740727,43.32846404,45.27761585,32.55592918,rotation_1,winter_barley,2021,2047584,101,Winter_barley_301,01/06/2021,10/12/2021,10/12/2021,24/02/2022,11/03/2022,26/03/2022
44.74115697,0.149104269,0.063899927,3.380775608,-0.22016772,2.003300843,2.986772189,86.79539913,84.19456724,31.98633017,70.86516751,140.3187086,224.4209959,166.2255751,127.0821983,41.39401904,66.20419378,49.03654466,37.48924851,34.65872103,55.43198598,41.05771705,31.38930299,rotation_1,winter_barley,2021,2047584,102,Winter_barley_301,01/06/2021,26/11/2021,26/11/2021,28/02/2022,15/03/2022,30/03/2022
53.86150338,0.323606321,0.040530436,2.716248671,-0.280243427,5.381457634,8.84262799,114.799047,63.23158531,28.18540775,30.69681192,161.7358683,158.7243767,393.5140732,91.86617461,47.71208116,46.82369112,116.0866516,27.10052151,39.94875948,39.20492104,97.19797608,22.69094513,rotation_1,winter_barley,2021,2047584,103,Winter_barley_301,01/06/2021,24/10/2021,24/10/2021,04/03/2022,19/03/2022,03/04/2022
49.98765271,0.044710037,0.058113876,2.949991781,-0.255964046,8.969968567,5.669356861,48.88253975,40.54492991,24.24825412,56.26527531,50.7285284,399.2858877,2.510284931,108.5285233,14.96491588,117.7893369,0.740534055,32.01591437,12.52994652,98.62361427,0.620040378,26.80654525,rotation_1,winter_barley,2021,2047584,104,Winter_barley_301,01/06/2021,08/11/2021,08/11/2021,01/03/2022,16/03/2022,31/03/2022
7.972035086,0.056294762,0.056997663,2.974653824,-0.244984564,3.460714727,9.145263191,144.4329487,41.81629438,4.790187477,57.9762637,5.560328837,3.006784729,12.73285875,37.25262324,1.640297007,0.887001495,3.756193331,10.98952386,1.373401223,0.742675828,3.145016111,9.20139794,rotation_1,winter_barley,2021,2047584,105,Winter_barley_301,01/06/2021,19/10/2021,19/10/2021,25/02/2022,12/03/2022,27/03/2022
19.67384587,0.237701154,0.056201219,2.860993205,-0.229709357,6.549553699,13.35000372,86.19625929,17.80697959,28.5803023,1.71060971,597.6855587,54.77278199,125.4075256,20.77350231,176.3172398,16.15797069,36.99522006,6.128183183,147.628333,13.52887715,30.97565883,5.131055072,rotation_1,winter_barley,2021,2047584,106,Winter_barley_301,01/06/2021,19/09/2021,19/09/2021,01/03/2022,16/03/2022,31/03/2022
43.44745103,0.349955831,0.076699119,2.797637148,-0.284507067,3.889162192,1.826562534,76.30483392,72.53846859,36.52638115,45.49587823,193.2301827,4.400457051,6.454445164,269.7820419,57.00290391,1.29813483,1.904061323,79.58570237,47.72785514,1.086912892,1.594247956,66.63616436,rotation_1,winter_barley,2021,2047584,107,Winter_barley_301,01/06/2021,26/09/2021,26/09/2021,15/02/2022,02/03/2022,17/03/2022
5.807682014,0.481621982,0.079147744,2.775292155,-0.239795762,9.586901729,1.222359644,71.38482648,22.35415815,35.32345934,26.12258264,94.08870717,182.1550291,33.35031146,160.7957717,27.75616861,53.73573358,9.83834188,47.43475264,23.23991067,44.99229218,8.23752693,39.7165556,rotation_1,winter_barley,2021,2047584,108,Winter_barley_301,01/06/2021,28/10/2021,28/10/2021,03/03/2022,18/03/2022,02/04/2022
38.56823236,0.137629724,0.068913782,3.388949853,-0.269176174,6.018028543,11.39464622,134.0964016,91.24189663,17.28552828,92.1478427,203.047246,125.7874738,7.117155477,109.858171,59.89893758,37.10730478,2.099560866,32.40816045,50.15266977,31.06950604,1.757937403,27.13496824,rotation_1,winter_barley,2021,2047584,109,Winter_barley_301,01/06/2021,02/11/2021,02/11/2021,01/03/2022,16/03/2022,31/03/2022
9.610922902,0.196099494,0.06610958,3.281606272,-0.264465987,8.181895638,8.305136654,122.8032477,77.47858478,2.394429652,67.21712662,144.272372,170.0672053,218.0552814,188.2464724,42.56034973,50.16982556,64.32630802,55.53270936,35.63527588,42.0065997,53.85965451,46.49687868,rotation_1,winter_barley,2021,2047584,110,Winter_barley_301,01/06/2021,23/09/2021,23/09/2021,01/03/2022,16/03/2022,31/03/2022
18.74286424,0.109049657,0.083156773,2.794991086,-0.259239897,4.292715214,8.225320729,121.8776074,52.06964411,36.14647866,94.77191946,202.4324968,188.4974517,152.2733229,104.3159716,59.71758655,55.60674824,44.92063025,30.77321161,50.0008267,46.55887056,37.61151075,25.76604498,rotation_1,winter_barley,2021,2047584,111,Winter_barley_301,01/06/2021,04/10/2021,04/10/2021,06/03/2022,21/03/2022,05/04/2022
55.89546251,0.000676718,0.068145746,2.935383558,-0.271321125,6.306021405,3.893942143,52.53332287,79.13735629,14.570113,66.74120503,97.04383495,157.8892028,113.0151826,13.85811912,28.62793131,46.57731483,33.33947888,4.088145141,23.96982723,38.99863309,27.91475011,3.422955423,rotation_1,winter_barley,2021,2047584,112,Winter_barley_301,01/06/2021,25/09/2021,25/09/2021,02/03/2022,17/03/2022,01/04/2022
59.77956619,0.463168552,0.089719659,3.443022868,-0.299257234,6.508014145,1.790536014,131.1796381,47.68010442,15.76214905,49.02239809,17.29660538,31.79258031,42.00046884,20.16634938,5.102498587,9.378811191,12.39013831,5.949073068,4.272261529,7.852767336,10.3741158,4.981088298,rotation_1,winter_barley,2021,2047584,113,Winter_barley_301,01/06/2021,18/09/2021,18/09/2021,14/02/2022,01/03/2022,16/03/2022
48.3050942,0.399213652,0.040010611,3.462979638,-0.292150976,5.767902346,10.37967116,126.824526,53.15712156,44.1326149,28.56637248,24.34994782,10.03899252,11.7623702,15.40583988,7.183234606,2.961502792,3.469899209,4.544722766,6.014437111,2.479631151,2.905305439,3.805242451,rotation_1,winter_barley,2021,2047584,114,Winter_barley_301,01/06/2021,29/10/2021,29/10/2021,11/02/2022,26/02/2022,13/03/2022
16.60942622,0.410794224,0.043191022,3.373557294,-0.228520629,6.604605297,3.998526636,59.79232142,1.154878895,16.3807297,27.94994398,120.9046194,729.2223068,97.72629345,10.4505449,35.66686273,215.1205805,28.82925657,3.082910746,29.863441,180.1179098,24.13839448,2.581284591,rotation_1,winter_barley,2021,2047584,115,Winter_barley_301,01/06/2021,05/11/2021,05/11/2021,12/02/2022,27/02/2022,14/03/2022
8.656375704,0.181840955,0.061650316,3.384263937,-0.24238015,7.812598197,13.09123851,24.5058868,74.23442195,43.4385377,62.81859192,255.2164037,149.3460876,173.9361727,314.5558461,75.28883909,44.05709584,51.31117095,92.79397461,63.03845171,36.88848363,42.96223466,77.69529399,rotation_1,winter_barley,2021,2047584,116,Winter_barley_301,01/06/2021,11/11/2021,11/11/2021,21/02/2022,08/03/2022,23/03/2022
5.540511724,0.342417717,0.086345652,2.895342294,-0.26150548,7.542218067,4.739931524,69.93389231,40.0285499,48.31750767,13.42031965,115.904556,139.3892638,26.97137264,104.6083087,34.19184402,41.11983283,7.95655493,30.85945108,28.62842533,34.42914817,6.661929043,25.83825226,rotation_1,winter_barley,2021,2047584,117,Winter_barley_301,01/06/2021,01/12/2021,01/12/2021,13/02/2022,28/02/2022,15/03/2022
6.179966178,0.059227347,0.070239841,3.081221692,-0.230928783,2.865999871,0.172561021,10.03545909,56.6958725,33.61661535,14.36483282,5.812457402,123.3605506,52.48831398,115.2809135,1.714674934,36.39136242,15.48405263,34.00786948,1.435676978,30.470056,12.96461355,28.47438563,rotation_1,winter_barley,2021,2047584,118,Winter_barley_301,01/06/2021,06/12/2021,06/12/2021,27/02/2022,14/03/2022,29/03/2022
54.04818996,0.032946401,0.096846385,2.820649712,-0.225328557,9.999113742,8.825883627,110.8683634,5.886177623,49.14418552,54.35278549,174.4704682,197.7133866,216.9702289,208.6906649,51.46878813,58.32544904,64.00621754,61.56374615,43.09420565,48.83520649,53.59164655,51.54659424,rotation_1,winter_barley,2021,2047584,119,Winter_barley_301,01/06/2021,20/09/2021,20/09/2021,26/02/2022,13/03/2022,28/03/2022
30.80640565,0.367311485,0.064518774,3.244847074,-0.281285285,8.628836895,7.528022255,70.46935611,7.499075704,11.90947942,82.70036747,17.48062634,32.29311895,72.85301704,117.2538222,5.156784769,9.526470091,21.49164003,34.58987756,4.317714705,7.976400381,17.99469521,28.9616941,rotation_1,winter_barley,2021,2047584,120,Winter_barley_301,01/06/2021,10/11/2021,10/11/2021,20/02/2022,07/03/2022,22/03/2022
49.2077096,0.004627301,0.041691475,3.141107451,-0.292650939,1.823391892,5.785401734,32.67642356,73.2168677,40.42792922,47.7398063,40.62109187,4.61153608,14.76954073,17.31219111,11.9832221,1.360403143,4.357014516,5.107096379,10.03340969,1.139049412,3.648076561,4.276111205,rotation_1,winter_barley,2021,2047584,121,Winter_barley_301,01/06/2021,17/11/2021,17/11/2021,02/03/2022,17/03/2022,01/04/2022
47.33849895,0.069550326,0.049155055,2.738493409,-0.220604108,3.315769464,3.497979523,62.0819916,73.49705473,30.0687867,84.30785809,135.1066753,124.4228487,106.8856827,23.21396701,39.85646921,36.70474036,31.53127641,6.848120267,33.3713488,30.73244362,26.40076364,5.733849851,rotation_1,winter_barley,2021,2047584,122,Winter_barley_301,01/06/2021,16/10/2021,16/10/2021,13/02/2022,28/02/2022,15/03/2022
18.98097895,0.294228764,0.046752165,3.420349762,-0.229909472,4.089113093,11.32871829,140.4602257,68.47506836,39.98283463,11.24910198,72.25766691,39.0217766,46.86916594,2.904831724,21.31601174,11.5114241,13.82640395,0.856925359,17.84764373,9.638378819,11.57668399,0.717493436,rotation_1,winter_barley,2021,2047584,123,Winter_barley_301,01/06/2021,27/11/2021,27/11/2021,04/03/2022,19/03/2022,03/04/2022
53.47532306,0.022074464,0.092681334,3.2330498,-0.234451107,5.913150332,9.924795778,67.09042972,64.57062036,46.18927129,26.65128917,69.78254287,84.8160686,37.63250559,83.85162016,20.58585015,25.02074024,11.10158915,24.73622795,17.23628809,20.94956894,9.295228882,20.71135018,rotation_1,winter_barley,2021,2047584,124,Winter_barley_301,01/06/2021,07/12/2021,07/12/2021,24/02/2022,11/03/2022,26/03/2022
6.293932256,0.081955392,0.057753362,2.969202519,-0.275243825,7.236846695,4.138282866,105.2755997,0.44059594,24.56354243,56.68066734,167.4243328,205.1564718,60.52906125,219.6363128,49.39017817,60.52115917,17.85607307,64.79271229,41.3538102,50.67364853,14.95067813,54.25016927,rotation_1,winter_barley,2021,2047584,125,Winter_barley_301,01/06/2021,08/11/2021,08/11/2021,10/02/2022,25/02/2022,12/03/2022
39.07011293,0.113032172,0.091139048,2.812495338,-0.265052963,9.165860067,0.425274867,116.853729,24.06784371,2.20782511,76.12928775,14.78321747,59.43126758,98.77091491,5.168202389,4.361049154,17.53222394,29.1374199,1.524619705,3.651454715,14.67952309,24.39641598,1.27654599,rotation_1,winter_barley,2021,2047584,126,Winter_barley_301,01/06/2021,09/10/2021,09/10/2021,12/02/2022,27/02/2022,14/03/2022
13.82989987,0.039396571,0.071861081,2.733602017,-0.297830467,4.647887412,12.48225461,116.6449404,60.76342894,36.83574825,11.82111558,335.975143,298.0557229,90.52993249,183.0772755,99.1126672,87.92643825,26.70633008,54.00779628,82.98586033,73.61976355,22.36089333,45.22008706,rotation_1,winter_barley,2021,2047584,127,Winter_barley_301,01/06/2021,06/12/2021,06/12/2021,05/03/2022,20/03/2022,04/04/2022
41.59994096,0.300804589,0.098749266,2.757415106,-0.223396297,0.282475133,2.060979015,77.38841326,44.63106243,0.166492674,84.12654568,312.566349,149.5215849,98.44778222,417.5829658,92.20707294,44.10886754,29.04209575,123.1869749,77.20388819,36.93183146,24.31660221,103.1429926,rotation_1,winter_barley,2021,2047584,128,Winter_barley_301,01/06/2021,11/12/2021,11/12/2021,12/02/2022,27/02/2022,14/03/2022
3.860222371,0.387935953,0.042072781,2.922225925,-0.237539165,2.303556556,12.56635719,27.07657791,5.654033522,25.47392422,82.91733779,62.63718361,22.4135986,24.95775251,48.30911456,18.47796916,6.612011586,7.36253699,14.25118879,15.47138435,5.536158853,6.164564869,11.9323513,rotation_1,winter_barley,2021,2047584,129,Winter_barley_301,01/06/2021,08/12/2021,08/12/2021,19/02/2022,06/03/2022,21/03/2022
24.2437792,0.326578897,0.052193269,3.011095912,-0.254691234,9.258213641,0.864159354,94.18385158,3.071075696,36.24186558,4.929159482,282.5026192,7.74912712,137.8372396,225.2446648,83.33827267,2.2859925,40.66198569,66.44717611,69.77814695,1.914034399,34.04579819,55.6354322,rotation_1,winter_barley,2021,2047584,130,Winter_barley_301,01/06/2021,06/10/2021,06/10/2021,06/03/2022,21/03/2022,05/04/2022
0.019861176,0.418702011,0.049925994,2.753555564,-0.296439335,4.718739734,9.88144001,137.0401432,19.87220961,0.953872051,2.371465982,154.850226,92.45369556,89.61401217,73.93173211,45.68081666,27.27384019,26.43613359,21.80986097,38.24800582,22.8360628,22.13466101,18.26113783,rotation_1,winter_barley,2021,2047584,131,Winter_barley_301,01/06/2021,25/09/2021,25/09/2021,12/02/2022,27/02/2022,14/03/2022
30.88570233,0.314437034,0.058802415,3.006868915,-0.231287158,8.344697957,13.61393222,125.4225224,0.894055985,14.47022385,85.86542981,145.3575949,352.6168957,63.52730799,237.1663391,42.88049049,104.0219842,18.74055586,69.96407003,35.90332593,87.09637323,15.69124507,58.58008576,rotation_1,winter_barley,2021,2047584,132,Winter_barley_301,01/06/2021,19/10/2021,19/10/2021,25/02/2022,12/03/2022,27/03/2022
34.75250285,0.162910122,0.095777986,3.407624921,-0.289445076,6.979485138,10.65824023,142.9814306,12.12329338,34.20556799,12.24714555,205.6242431,137.5170592,33.95479215,108.2765687,60.65915172,40.56753246,10.01666368,31.94158777,50.78918805,33.96671362,8.386833661,26.74431247,rotation_1,winter_barley,2021,2047584,133,Winter_barley_301,01/06/2021,12/10/2021,12/10/2021,06/03/2022,21/03/2022,05/04/2022
16.28973989,0.419449754,0.086730414,3.325251112,-0.274099854,9.946372038,12.68034538,15.90421341,16.43434901,41.97058843,21.8211045,98.98987227,135.4261676,288.6908514,105.6644288,29.20201232,39.95071943,85.16380118,31.1710065,24.45049845,33.45026339,71.30664031,26.09911391,rotation_1,winter_barley,2021,2047584,134,Winter_barley_301,01/06/2021,11/12/2021,11/12/2021,26/02/2022,13/03/2022,28/03/2022
2.68492135,0.178294557,0.073948655,3.169630513,-0.297366,0.423171238,3.327618562,68.97707741,35.28645248,43.61892781,37.1054295,235.8336051,37.65395159,413.2092668,242.5446213,69.5709135,11.10791572,121.8967337,71.55066329,58.25090045,9.300526042,102.0626889,59.90852147,rotation_1,winter_barley,2021,2047584,135,Winter_barley_301,01/06/2021,29/11/2021,29/11/2021,23/02/2022,10/03/2022,25/03/2022
13.42817311,0.491655925,0.08957782,3.031147103,-0.25785043,2.465296093,10.86338418,24.69043505,90.51748181,16.87184671,33.58313175,162.9616145,94.81332767,456.3033129,21.02169026,48.07367627,27.96993166,134.6094773,6.201398628,40.25151877,23.41889193,112.7069183,5.192357495,rotation_1,winter_barley,2021,2047584,136,Winter_barley_301,01/06/2021,05/10/2021,05/10/2021,11/02/2022,26/02/2022,13/03/2022
45.63941489,0.498741416,0.087556812,3.018989296,-0.252547468,9.674564033,10.48539406,35.24169792,12.97245635,49.84040112,75.36970789,227.0265705,75.36500299,129.5625628,115.0255383,66.97283829,22.23267588,38.22095602,33.93253381,56.0755629,18.61515574,32.00195301,28.41130797,rotation_1,winter_barley,2021,2047584,137,Winter_barley_301,01/06/2021,27/10/2021,27/10/2021,12/02/2022,27/02/2022,14/03/2022
29.8206283,0.493510925,0.074746152,2.708913356,-0.252215875,1.641361317,7.509276762,127.8055333,83.35225556,37.23405429,70.04669411,55.61522093,42.47672598,37.40265252,237.6139294,16.40649017,12.53063416,11.03378249,70.09610917,13.73695957,10.49175132,9.238455174,58.69064056,rotation_1,winter_barley,2021,2047584,138,Winter_barley_301,01/06/2021,13/12/2021,13/12/2021,04/03/2022,19/03/2022,03/04/2022
54.68468334,0.019365111,0.066346724,3.151751898,-0.268048697,8.444500027,1.575099655,146.6516964,18.30940168,9.444018484,40.11613281,154.582142,23.15528742,359.6151938,224.9156781,45.60173189,6.830809788,106.0864822,66.35012505,38.18178907,5.719355992,88.82495287,55.5541725,rotation_1,winter_barley,2021,2047584,139,Winter_barley_301,01/06/2021,04/12/2021,04/12/2021,11/02/2022,26/02/2022,13/03/2022
48.05595625,0.435332604,0.045114514,3.442007989,-0.257159666,0.574542083,9.652893078,50.85111674,10.69638306,10.14305317,50.01706953,285.3458814,289.9230907,4.963820372,368.8895736,84.17703501,85.52731174,1.46432701,108.8224242,70.48043271,71.61100339,1.226063632,91.11572469,rotation_1,winter_barley,2021,2047584,140,Winter_barley_301,01/06/2021,17/10/2021,17/10/2021,03/03/2022,18/03/2022,02/04/2022
29.65790514,0.457332809,0.081393647,2.871106953,-0.274952277,3.091670292,13.05049836,132.0833272,87.09047151,37.84364344,28.74087885,1.977000578,2.926585851,3.522679337,3.72065881,0.583215171,0.863342826,1.039190404,1.097594349,0.488319143,0.722866705,0.870101796,0.919002726,rotation_1,winter_barley,2021,2047584,141,Winter_barley_301,01/06/2021,28/11/2021,28/11/2021,12/02/2022,27/02/2022,14/03/2022
9.408316864,0.076371016,0.046994179,3.428440593,-0.26582897,1.284594829,3.265987444,145.9572187,97.17036655,11.01591107,89.91280642,144.6150807,288.2411483,32.16055497,338.3383048,42.6614488,85.03113874,9.487363715,99.8097999,35.71992493,71.19556363,7.943657077,83.56956128,rotation_1,winter_barley,2021,2047584,142,Winter_barley_301,01/06/2021,30/10/2021,30/10/2021,15/02/2022,02/03/2022,17/03/2022
52.28179931,0.42532289,0.042859088,2.955555018,-0.293923546,2.989734389,1.934051758,114.3839299,68.96211231,42.28821788,49.64999291,300.8074342,312.1593688,80.21532751,44.99350138,88.73819308,92.08701379,23.66352162,13.27308291,74.29943624,77.10336409,19.8131859,11.11339484,rotation_1,winter_barley,2021,2047584,143,Winter_barley_301,01/06/2021,02/12/2021,02/12/2021,27/02/2022,14/03/2022,29/03/2022
12.4371461,0.299789158,0.093387986,2.93813743,-0.224036653,8.874452608,1.544035074,67.83275177,95.46757773,28.08572426,24.29421746,24.72982634,89.23285655,48.67207417,32.31254254,7.295298771,26.32369268,14.35826188,9.532200051,6.108267107,22.04051557,12.02200232,7.981198008,rotation_1,winter_barley,2021,2047584,144,Winter_barley_301,01/06/2021,17/09/2021,17/09/2021,26/02/2022,13/03/2022,28/03/2022
10.18928127,0.445524633,0.093887348,3.197504949,-0.268907163,9.141334006,5.090784689,30.87946007,67.05255939,24.36528382,58.51726526,68.99090016,11.76330393,10.1327765,19.00405855,20.35231555,3.47017466,2.989169067,5.606197272,17.04075234,2.905536071,2.502795795,4.694002462,rotation_1,winter_barley,2021,2047584,145,Winter_barley_301,01/06/2021,01/11/2021,01/11/2021,18/02/2022,05/03/2022,20/03/2022
14.5609133,0.443061996,0.042765303,3.062610757,-0.270050478,5.898287559,2.364816548,45.31743155,89.17320918,30.84468304,74.40507482,1.95787442,8.45454035,1.207688415,1.403154397,0.577572954,2.494089403,0.356268082,0.413930547,0.483594982,2.088271467,0.298299038,0.346579136,rotation_1,winter_barley,2021,2047584,146,Winter_barley_301,01/06/2021,15/09/2021,15/09/2021,26/02/2022,13/03/2022,28/03/2022
2.411131485,0.22569154,0.041818962,3.097317976,-0.267195881,4.480420901,1.467140828,112.0682245,86.48476895,33.24093102,98.7139297,122.9985174,40.87441726,143.8880539,141.3139754,36.28456263,12.05795309,42.44697589,41.68762276,30.3806338,10.09598106,35.5403493,34.90455194,rotation_1,winter_barley,2021,2047584,147,Winter_barley_301,01/06/2021,12/10/2021,12/10/2021,22/02/2022,09/03/2022,24/03/2022
56.37894606,0.465236849,0.061244667,3.134454641,-0.236029772,5.454179844,2.788363473,19.34631369,8.086624127,7.539020054,88.47445301,161.4927082,165.2284329,436.2400031,219.8046816,47.64034891,48.74238772,128.6908009,64.84238109,39.88869892,40.81142294,107.7512808,54.29175637,rotation_1,winter_barley,2021,2047584,148,Winter_barley_301,01/06/2021,02/12/2021,02/12/2021,28/02/2022,15/03/2022,30/03/2022
1.040293446,0.339005889,0.092941856,2.853937947,-0.279648943,8.542699845,12.88542942,123.7567777,13.82657222,45.04297773,27.17650619,352.8755443,61.69846308,453.0741612,31.90406565,104.0982856,18.20104661,133.6568776,9.411699367,87.16025945,15.23952038,111.9093178,7.880304215,rotation_1,winter_barley,2021,2047584,149,Winter_barley_301,01/06/2021,31/10/2021,31/10/2021,13/02/2022,28/02/2022,15/03/2022
37.77917599,0.033483714,0.075132472,3.284528982,-0.23989666,7.59137329,6.429255808,37.21622505,12.74553159,16.43216404,93.49793569,122.4907805,1.784192551,78.5765112,126.142488,36.13478026,0.526336802,23.1800708,37.21203395,30.25522279,0.44069556,19.40839827,31.15719452,rotation_1,winter_barley,2021,2047584,150,Winter_barley_301,01/06/2021,24/09/2021,24/09/2021,04/03/2022,19/03/2022,03/04/2022
13.60486272,0.050871745,0.096045026,2.789118533,-0.226108522,0.774067308,2.513189142,21.66881093,38.21848847,3.119820083,9.09097701,188.8431317,60.0315307,182.0869091,109.8305577,55.70872384,17.70930156,53.71563818,32.40001451,46.64425352,14.82778808,44.97546654,27.12814774,rotation_1,winter_barley,2021,2047584,151,Winter_barley_301,01/06/2021,15/09/2021,15/09/2021,01/03/2022,16/03/2022,31/03/2022
0.60776774,0.191355801,0.091361519,3.147885793,-0.260806192,0.538314536,10.50880209,41.91691115,88.50507178,10.82501344,59.85030696,26.07229437,288.338841,281.3736611,212.5870396,7.69132684,85.05995808,83.00523003,62.71317669,6.43985671,71.21969372,69.4992943,52.50899879,rotation_1,winter_barley,2021,2047584,152,Winter_barley_301,01/06/2021,01/12/2021,01/12/2021,10/02/2022,25/02/2022,12/03/2022
58.1411365,0.262559059,0.053276234,2.770952231,-0.283317303,9.286948928,10.72250216,111.6410548,37.97188744,19.39543136,8.638541939,146.7378368,562.5337471,35.21773867,217.8100051,43.28766186,165.9474554,10.38923291,64.2539515,36.24424569,138.9458355,8.698781453,53.79907125,rotation_1,winter_barley,2021,2047584,153,Winter_barley_301,01/06/2021,07/12/2021,07/12/2021,10/02/2022,25/02/2022,12/03/2022
45.015896,0.013370712,0.053140883,2.759961999,-0.29714594,7.936034181,5.373982517,18.46159758,92.89260556,21.82619983,69.05322298,106.3636068,57.00771853,160.355253,199.1610713,31.377264,16.81727697,47.30479963,58.75251603,26.27181087,14.08090648,39.60774749,49.19278461,rotation_1,winter_barley,2021,2047584,154,Winter_barley_301,01/06/2021,28/11/2021,28/11/2021,16/02/2022,03/03/2022,18/03/2022
56.91971865,0.362846497,0.074448774,3.240019458,-0.259006874,1.028817483,11.90408271,60.66992071,92.75428124,20.84541302,84.76773689,398.1916274,334.5609316,52.88090811,123.4497215,117.4665301,98.69547481,15.59986789,36.41766783,98.35333198,82.63655009,13.0615843,30.4920812,rotation_1,winter_barley,2021,2047584,155,Winter_barley_301,01/06/2021,25/09/2021,25/09/2021,14/02/2022,01/03/2022,16/03/2022
54.49303124,0.429193565,0.065149594,2.963813202,-0.237988984,9.741086714,2.126506566,81.05442684,93.91873889,30.43971641,41.19459476,198.3482063,55.509884,203.1982655,104.8953189,58.51272087,16.37541578,59.94348834,30.94411907,48.99200696,13.71094135,50.18997159,25.90914376,rotation_1,winter_barley,2021,2047584,156,Winter_barley_301,01/06/2021,16/11/2021,16/11/2021,28/02/2022,15/03/2022,30/03/2022
26.79178143,0.15433602,0.098344397,3.333926423,-0.269775995,8.753185997,7.640357823,30.43293667,96.79161386,14.2603256,67.68792463,0.454703176,70.32715925,63.19417215,0.372006497,0.134137437,20.74651198,18.64228078,0.109741917,0.112311685,17.37080833,15.60896052,0.091885605,rotation_1,winter_barley,2021,2047584,157,Winter_barley_301,01/06/2021,27/11/2021,27/11/2021,05/03/2022,20/03/2022,04/04/2022
33.4611148,0.017476138,0.051868112,3.138172901,-0.228336164,9.235917476,13.15058141,27.70008295,43.79591357,20.66234654,9.984735879,130.0079398,68.88229939,130.5071241,104.7456742,38.35234225,20.32027832,38.49960162,30.89997389,32.11196114,17.01392795,32.23525966,25.87218153,rotation_1,winter_barley,2021,2047584,158,Winter_barley_301,01/06/2021,25/11/2021,25/11/2021,03/03/2022,18/03/2022,02/04/2022
7.368775216,0.270741666,0.044774163,3.437590492,-0.247438335,8.211788686,12.37929634,49.52912462,82.46754721,38.97400027,48.1706516,122.689266,393.7860214,404.7758375,25.10782742,36.19333347,116.1668763,119.4088721,7.40680909,30.3042487,97.26514729,99.97963187,6.201633373,rotation_1,winter_barley,2021,2047584,159,Winter_barley_301,01/06/2021,02/10/2021,02/10/2021,22/02/2022,09/03/2022,24/03/2022
59.47948251,0.487701694,0.078934831,3.252269674,-0.232684327,7.000794257,4.925799063,22.35547879,11.16174286,9.883985436,19.2888255,109.2263708,328.5556872,87.96479262,139.9157539,32.2217794,96.92392773,25.94961382,41.27514741,26.9789136,81.15325475,21.72730378,34.55919122,rotation_1,winter_barley,2021,2047584,160,Winter_barley_301,01/06/2021,09/12/2021,09/12/2021,18/02/2022,05/03/2022,20/03/2022
37.42221874,0.011370319,0.086247173,3.120958442,-0.248486947,5.757092606,4.447509257,141.2453988,4.429152999,49.00900394,17.00893114,25.68068015,57.8472547,64.38465061,26.27515618,7.575800643,17.06494014,18.99347193,7.751171073,6.343127996,14.28827191,15.9030087,6.489963576,rotation_1,winter_barley,2021,2047584,161,Winter_barley_301,01/06/2021,10/12/2021,10/12/2021,23/02/2022,10/03/2022,25/03/2022
26.3976188,0.026985735,0.081487574,2.763435881,-0.291579966,0.70112357,1.637816416,25.92762263,49.27769282,44.83729437,87.40966779,86.4540955,184.4572365,40.44666863,279.7883983,25.50395817,54.41488477,11.93176725,82.53757749,21.35416159,45.56093742,9.990327152,69.10773437,rotation_1,winter_barley,2021,2047584,162,Winter_barley_301,01/06/2021,15/09/2021,15/09/2021,06/03/2022,21/03/2022,05/04/2022
38.20397622,0.423393277,0.052856055,3.177525057,-0.293540066,9.484407308,13.25865897,103.0037021,55.81003655,38.14586808,80.20684898,195.1210406,15.15761157,6.335291672,24.5911238,57.56070697,4.471495413,1.868911043,7.254381521,48.19489702,3.743930058,1.564817043,6.074007579,rotation_1,winter_barley,2021,2047584,163,Winter_barley_301,01/06/2021,15/10/2021,15/10/2021,25/02/2022,12/03/2022,27/03/2022
25.57847879,0.091911549,0.089263845,3.345242046,-0.29910534,2.139685497,8.626527302,88.26590139,87.19930725,23.86476751,97.92626088,355.1546335,139.167441,280.6487368,94.15297707,104.7706169,41.05439509,82.79137735,27.77512823,87.72319447,34.37435793,69.32023799,23.25578534,rotation_1,winter_barley,2021,2047584,164,Winter_barley_301,01/06/2021,03/10/2021,03/10/2021,11/02/2022,26/02/2022,13/03/2022
57.83059025,0.295895592,0.099114482,2.923190296,-0.236817986,1.592679097,8.544777305,126.4462015,20.71006577,1.509851107,47.58575349,231.7437823,98.54575028,133.9142531,125.4425368,68.36441577,29.07099633,39.50470465,37.00554836,57.24071422,24.34080032,33.07682051,30.98430659,rotation_1,winter_barley,2021,2047584,165,Winter_barley_301,01/06/2021,24/09/2021,24/09/2021,26/02/2022,13/03/2022,28/03/2022
45.76553921,0.381371487,0.048203622,2.930473233,-0.291187716,0.367314566,1.156545261,34.20433543,31.0603011,47.97416146,8.436878969,47.28293607,148.2780372,145.6239033,132.7315428,13.94846614,43.74202098,42.95905146,39.15580514,11.67888521,36.62467519,35.9691041,32.78469108,rotation_1,winter_barley,2021,2047584,166,Winter_barley_301,01/06/2021,28/09/2021,28/09/2021,02/03/2022,17/03/2022,01/04/2022
7.496794609,0.109582072,0.072090006,2.702550175,-0.244061288,1.322800918,3.152646787,50.34060855,74.90021298,49.69830106,34.47757132,580.7743058,126.0667585,274.6671073,2.788961307,171.3284202,37.18969374,81.02679666,0.822743586,143.4512535,31.13848934,67.84277551,0.688873443,rotation_1,winter_barley,2021,2047584,167,Winter_barley_301,01/06/2021,01/10/2021,01/10/2021,14/02/2022,01/03/2022,16/03/2022
36.46741527,0.0794275,0.087091682,3.021465761,-0.255446566,0.122303309,13.71800428,137.9942698,81.84511032,11.65144793,20.10507748,56.66370909,44.23815198,359.8944383,360.0016296,16.71579418,13.05025483,106.1688593,106.2004807,13.99593614,10.92682354,88.89392626,88.92040251,rotation_1,winter_barley,2021,2047584,168,Winter_barley_301,01/06/2021,18/11/2021,18/11/2021,14/02/2022,01/03/2022,16/03/2022
0.358932492,0.06554913,0.059175268,3.279373231,-0.263871878,5.970273344,0.436451119,55.59721177,10.09221206,40.79266787,89.11997034,376.5925812,248.4099907,50.77122627,266.7401742,111.0948114,73.28094727,14.97751175,78.68835139,93.01836755,61.35726771,12.54049289,65.88482303,rotation_1,winter_barley,2021,2047584,169,Winter_barley_301,01/06/2021,01/11/2021,01/11/2021,03/03/2022,18/03/2022,02/04/2022
21.364355,0.096181847,0.043906444,3.335642696,-0.237197837,5.358224062,3.641882036,113.6857092,23.75365242,3.356522035,4.018067333,116.1752009,64.42692873,9.540730908,41.4707573,34.27168425,19.00594397,2.814515618,12.2338734,28.69527461,15.9134514,2.356560534,10.24327705,rotation_1,winter_barley,2021,2047584,170,Winter_barley_301,01/06/2021,31/10/2021,31/10/2021,05/03/2022,20/03/2022,04/04/2022
18.49965233,0.312797819,0.04121211,3.012003434,-0.281408957,3.911126794,13.88990598,142.387679,32.00881515,2.876893713,21.41050093,11.41264025,109.0574908,182.4688945,125.52217,3.366728875,32.17195978,53.82832388,37.02904014,2.818922143,26.93720022,45.06981694,31.00397598,rotation_1,winter_barley,2021,2047584,171,Winter_barley_301,01/06/2021,29/09/2021,29/09/2021,18/02/2022,05/03/2022,20/03/2022
49.07917441,0.085255252,0.099373177,3.350066408,-0.289083745,1.176824385,2.241466795,95.77828446,76.32098701,12.38241138,99.73874319,147.4922093,76.52989705,267.546964,287.5192813,43.51020174,22.57631963,78.92635439,84.81818799,36.4305757,18.90288457,66.08410012,71.01726249,rotation_1,winter_barley,2021,2047584,172,Winter_barley_301,01/06/2021,11/11/2021,11/11/2021,27/02/2022,14/03/2022,29/03/2022
35.39041744,0.268616497,0.057575403,2.780396605,-0.227083962,4.435475661,12.34363721,46.57206794,84.67231924,5.581134512,86.89251305,40.64914085,116.6101209,17.87149431,27.11283597,11.99149655,34.39998566,5.272090821,7.998286612,10.04033779,28.80269986,4.414259094,6.696870485,rotation_1,winter_barley,2021,2047584,173,Winter_barley_301,01/06/2021,07/11/2021,07/11/2021,05/03/2022,20/03/2022,04/04/2022
52.81394392,0.497147792,0.08740073,3.473285714,-0.287230555,0.838329798,0.654490619,128.9019302,54.80028731,36.98698577,74.96411581,305.8575765,296.6848683,142.0965305,128.9381859,90.22798507,87.52203616,41.91847651,38.03676484,75.5468214,73.28116248,35.09784304,31.84773192,rotation_1,winter_barley,2021,2047584,174,Winter_barley_301,01/06/2021,30/09/2021,30/09/2021,03/03/2022,18/03/2022,02/04/2022
12.68981657,0.074332655,0.079506067,2.745497415,-0.291775012,7.966401506,3.473772649,16.09372077,14.31599642,1.759643575,85.33008463,474.9106888,377.3874568,8.282594545,65.89947395,140.0986532,111.3292998,2.443365391,19.44034482,117.3029401,93.21470183,2.045800853,16.27717007,rotation_1,winter_barley,2021,2047584,175,Winter_barley_301,01/06/2021,09/10/2021,09/10/2021,02/03/2022,17/03/2022,01/04/2022
20.77303176,0.117832666,0.055993542,3.460683583,-0.227691929,9.013954938,0.299722539,143.5904623,65.62579598,13.64654645,7.673421101,45.22177374,173.1415423,244.4790916,239.5346653,13.34042325,51.07675498,72.12133201,70.66272626,11.16977811,42.76596095,60.38633562,59.16506233,rotation_1,winter_barley,2021,2047584,176,Winter_barley_301,01/06/2021,26/11/2021,26/11/2021,15/02/2022,02/03/2022,17/03/2022
53.21143327,0.067012466,0.048805917,3.45584601,-0.290547414,1.508350092,13.51833184,148.5385114,80.21805295,8.245108539,65.14804309,107.4414796,82.79176382,45.81890135,124.6596447,31.69523649,24.42357033,13.5165759,36.77459518,26.53804547,20.44956566,11.31726863,30.79093224,rotation_1,winter_barley,2021,2047584,177,Winter_barley_301,01/06/2021,30/11/2021,30/11/2021,05/03/2022,20/03/2022,04/04/2022
2.222395426,0.378729933,0.09943819,2.824804305,-0.298555461,5.318040528,8.167112197,68.05157699,77.8190351,37.53078033,95.52896351,58.99276333,31.81966684,37.90657256,104.3228677,17.40286518,9.386801718,11.1824389,30.77524598,14.57121254,7.859457709,9.362923421,25.76774833,rotation_1,winter_barley,2021,2047584,178,Winter_barley_301,01/06/2021,12/12/2021,12/12/2021,14/02/2022,01/03/2022,16/03/2022
34.01461296,0.015259203,0.049468736,3.041569944,-0.251429776,2.593004758,4.670386005,28.86594918,96.12172034,19.85197096,23.92197901,19.41226377,89.74882133,220.7225992,28.37653675,5.726617813,26.47590229,65.11316676,8.371078342,4.794829152,22.16795887,54.518482,7.009004578,rotation_1,winter_barley,2021,2047584,179,Winter_barley_301,01/06/2021,13/10/2021,13/10/2021,06/03/2022,21/03/2022,05/04/2022
47.01447532,0.469857609,0.095345757,2.850314059,-0.265519531,2.201559146,7.932857294,95.01067312,21.10501851,44.52187837,0.247220719,50.11750585,141.2366929,67.77515321,19.34351168,14.78466423,41.66482441,19.9936702,5.706335947,12.37902395,34.88546315,16.74046284,4.777847386,rotation_1,winter_barley,2021,2047584,180,Winter_barley_301,01/06/2021,08/10/2021,08/10/2021,14/02/2022,01/03/2022,16/03/2022
23.02183284,0.467604963,0.073427471,3.001881469,-0.282481364,0.025155156,11.66898496,131.6792671,24.68727139,26.35365922,61.96884612,2.409544723,154.8494824,101.2797381,4.620682355,0.710815693,45.68059731,29.87752273,1.363101295,0.595157547,38.24782216,25.01609531,1.141308542,rotation_1,winter_barley,2021,2047584,181,Winter_barley_301,01/06/2021,13/12/2021,13/12/2021,27/02/2022,14/03/2022,29/03/2022
47.84329826,0.474177374,0.066795986,2.81098867,-0.221725679,5.672447432,13.77339226,92.22716695,59.99369251,17.72539937,5.755787871,7.250327284,53.88684118,89.30083177,184.2451235,2.138846549,15.89661815,26.34374537,54.35231144,1.790830839,13.31004977,22.05730545,45.50854551,rotation_1,winter_barley,2021,2047584,182,Winter_barley_301,01/06/2021,18/09/2021,18/09/2021,04/03/2022,19/03/2022,03/04/2022
8.540199649,0.226208497,0.095026258,3.447348872,-0.228852118,6.239752857,9.294846432,53.11178863,54.70839843,15.07816218,96.62199802,43.92025745,28.53790736,523.6610297,42.21903404,12.95647595,8.418682671,154.4800038,12.45461504,10.84830359,7.048863118,129.3442743,10.42810141,rotation_1,winter_barley,2021,2047584,183,Winter_barley_301,01/06/2021,28/09/2021,28/09/2021,01/03/2022,16/03/2022,31/03/2022
45.17009108,0.283997511,0.050115744,3.471997008,-0.283194039,7.767161206,0.279928411,130.6284916,99.11407948,6.853401512,50.99371697,66.01483524,63.022009,304.1583437,176.1372966,19.47437639,18.59149265,89.72671139,51.96050251,16.3056643,15.56643622,75.12711089,43.50591227,rotation_1,winter_barley,2021,2047584,184,Winter_barley_301,01/06/2021,01/10/2021,01/10/2021,28/02/2022,15/03/2022,30/03/2022
15.03205447,0.100433572,0.067087653,3.434628378,-0.278049572,1.07307586,7.747363147,136.1854678,71.58784806,48.62408982,99.32886888,180.8548173,247.7721522,256.4478911,12.4622176,53.35217111,73.0927849,75.65212786,3.676354193,44.67113988,61.19972159,63.34262909,3.078167748,rotation_1,winter_barley,2021,2047584,185,Winter_barley_301,01/06/2021,12/11/2021,12/11/2021,19/02/2022,06/03/2022,21/03/2022
3.585155287,0.33790986,0.090814842,3.379064926,-0.279370642,4.259503094,0.920650439,105.5365131,79.65702991,47.32483765,12.59949314,1.481928867,36.48200008,42.54329823,47.3975763,0.437169016,10.76219002,12.55027298,13.98228501,0.36603643,9.01105402,10.50819466,11.70720135,rotation_1,winter_barley,2021,2047584,186,Winter_barley_301,01/06/2021,11/10/2021,11/10/2021,19/02/2022,06/03/2022,21/03/2022
6.809798462,0.169558992,0.069837493,3.394106075,-0.299724096,8.263356703,1.736560075,84.71449553,94.72153707,34.0357944,80.57518903,46.9383086,523.8907996,57.60200575,330.1663907,13.84680104,154.5477859,16.9925917,97.39908525,11.59376222,129.4010275,14.22769542,81.5510985,rotation_1,winter_barley,2021,2047584,187,Winter_barley_301,01/06/2021,28/11/2021,28/11/2021,21/02/2022,08/03/2022,23/03/2022
55.20125397,0.220772794,0.042436591,3.359730685,-0.2332331,3.407474011,4.307118933,75.08041102,83.31051764,43.07271915,1.295765281,24.72755934,24.14184099,37.37982147,133.139821,7.294630004,7.121843091,11.02704733,39.27624718,6.107707156,5.963034724,9.232815904,32.88553578,rotation_1,winter_barley,2021,2047584,188,Winter_barley_301,01/06/2021,03/11/2021,03/11/2021,15/02/2022,02/03/2022,17/03/2022
18.27725713,0.331258331,0.082230704,3.453952384,-0.225484867,9.458089263,5.642260262,75.41732876,27.3200615,0.754020396,13.91966549,115.0202569,110.9484243,22.30392806,156.612385,33.93097578,32.72978516,6.579658777,46.20065357,28.41000345,27.4042608,5.509070231,38.68325909,rotation_1,winter_barley,2021,2047584,189,Winter_barley_301,01/06/2021,03/10/2021,03/10/2021,15/02/2022,02/03/2022,17/03/2022
54.92509698,0.27908927,0.079780988,2.742842215,-0.256705025,5.155632353,12.86700055,11.25813258,9.342547471,19.22472448,29.3858519,16.7187753,319.8284037,222.4075772,321.7856248,4.932038715,94.34937908,65.61023528,94.92675931,4.1295375,78.99761571,54.93467157,79.48104932,rotation_1,winter_barley,2021,2047584,190,Winter_barley_301,01/06/2021,26/10/2021,26/10/2021,11/02/2022,26/02/2022,13/03/2022
35.81947861,0.041813974,0.045197903,3.289073848,-0.22587865,2.620428878,11.02931987,103.7352226,26.06597232,39.4299121,94.13151814,180.2949957,224.7291919,324.9765221,175.6226152,53.18702373,66.29511161,95.86807403,51.80867148,44.53286394,55.5081104,80.26920097,43.37878595,rotation_1,winter_barley,2021,2047584,191,Winter_barley_301,01/06/2021,04/10/2021,04/10/2021,24/02/2022,11/03/2022,26/03/2022
57.5728339,0.025509843,0.094288624,2.721793168,-0.276942019,7.352258219,7.200296002,104.2502238,9.848039785,49.44351216,94.3709987,48.52215639,19.00987831,30.97618282,17.40522971,14.31403613,5.607914102,9.137973932,5.134542765,11.98497263,4.695439943,7.651117157,4.299091739,rotation_1,winter_barley,2021,2047584,192,Winter_barley_301,01/06/2021,21/09/2021,21/09/2021,10/02/2022,25/02/2022,12/03/2022
59.07288659,0.103439367,0.097886399,2.844152023,-0.227307021,9.375383457,13.44990609,72.0971036,21.73950927,13.14172074,39.49138333,200.3288957,74.27615956,35.58327203,125.1939632,59.09702424,21.91146707,10.49706525,36.93221913,49.48123725,18.34621141,8.789068193,30.9229089,rotation_1,winter_barley,2021,2047584,193,Winter_barley_301,01/06/2021,03/12/2021,03/12/2021,01/03/2022,16/03/2022,31/03/2022
11.09362711,0.456446669,0.092424388,2.726291985,-0.28796974,3.823299078,3.079742781,98.38784751,2.378685806,44.55957422,18.45733154,218.3977986,244.1309288,55.37841661,125.3506373,64.4273506,72.018624,16.3366329,36.97843801,53.94425626,60.30033941,13.6784689,30.96160742,rotation_1,winter_barley,2021,2047584,194,Winter_barley_301,01/06/2021,21/09/2021,21/09/2021,03/03/2022,18/03/2022,02/04/2022
51.42780426,0.30370402,0.041135282,3.142162273,-0.229181591,7.692245959,13.30175998,147.0599759,1.797637078,45.51943153,55.9038983,118.3229371,18.22059582,48.00347047,182.7728338,34.90526644,5.375075768,14.16102379,53.91798597,29.22576546,4.500487168,11.85685721,45.14488995,rotation_1,winter_barley,2021,2047584,195,Winter_barley_301,01/06/2021,24/11/2021,24/11/2021,10/02/2022,25/02/2022,12/03/2022
3.425690455,0.132166252,0.072717747,2.977681963,-0.22379003,8.116564827,2.189107291,21.3321692,5.052890492,10.30041321,23.74124592,38.76792194,6.777586339,68.01808451,26.31233458,11.43653697,1.99938797,20.06533493,7.762138702,9.575676719,1.674063826,16.80046687,6.499146642,rotation_1,winter_barley,2021,2047584,196,Winter_barley_301,01/06/2021,30/11/2021,30/11/2021,10/02/2022,25/02/2022,12/03/2022
46.33218497,0.253330646,0.091673612,2.748875768,-0.293478055,8.826124445,12.00570544,26.54400545,78.21267033,4.305983301,3.328464046,229.8252446,218.7712116,133.5467496,12.24843579,67.79844714,64.53750742,39.39629113,3.613288559,56.76683541,54.03648927,32.98604715,3.025363641,rotation_1,winter_barley,2021,2047584,197,Winter_barley_301,01/06/2021,17/09/2021,17/09/2021,28/02/2022,15/03/2022,30/03/2022
39.54139323,0.198513553,0.046571308,2.801769474,-0.25045269,6.723655395,1.973405985,92.83655102,99.00062586,2.730488511,5.333290884,85.00871155,95.97745508,40.57391369,73.84860743,25.07756991,28.31334925,11.96930454,21.78533919,20.99715175,23.7064314,10.02175668,18.24060604,rotation_1,winter_barley,2021,2047584,198,Winter_barley_301,01/06/2021,12/11/2021,12/11/2021,15/02/2022,02/03/2022,17/03/2022
44.10341632,0.127262837,0.097207499,2.983817005,-0.280004618,6.782838389,12.07521763,62.90746122,85.79932983,45.31372136,22.83090765,61.18972141,1.041207891,170.8498172,194.5004897,18.05096782,0.307156328,50.40069608,57.37764446,15.11386119,0.257178349,42.19990486,48.04162096,rotation_1,winter_barley,2021,2047584,199,Winter_barley_301,01/06/2021,21/11/2021,21/11/2021,06/03/2022,21/03/2022,05/04/2022
36.72522997,0.461814759,0.045949712,3.274590824,-0.295719558,5.205957574,8.72733158,17.92099258,68.09018957,11.27099442,15.19908595,285.3925944,54.56341359,299.1451483,32.89400098,84.19081535,16.09620701,88.24781876,9.703730289,70.49197082,13.47716316,73.88885164,8.124818242,rotation_1,winter_barley,2021,2047584,200,Winter_barley_301,01/06/2021,17/11/2021,17/11/2021,25/02/2022,12/03/2022,27/03/2022
47.49996997,0.432563956,0.044253723,3.294369928,-0.258526646,0.443852712,0.984976558,64.5963618,27.95754683,4.046882245,46.08662121,92.19596977,170.3909732,272.5283287,145.8471764,27.19781108,50.26533709,80.39585697,43.02491703,22.77240453,42.08657038,67.31449719,36.02425257,rotation_1,winter_barley,2021,2047584,201,Winter_barley_301,01/06/2021,22/09/2021,22/09/2021,18/02/2022,05/03/2022,20/03/2022
5.23680947,0.31059019,0.077002932,3.394622629,-0.220959048,0.637489986,2.603916496,19.00097341,55.61769509,9.28084516,91.2693588,27.68213281,38.53016776,34.09343196,184.0764396,8.16622918,11.36639949,10.05756243,54.30254967,6.837486805,9.516951437,8.421077695,45.46688057,rotation_1,winter_barley,2021,2047584,202,Winter_barley_301,01/06/2021,03/12/2021,03/12/2021,04/03/2022,19/03/2022,03/04/2022
1.600215184,0.047013612,0.067552829,2.792780395,-0.253320203,9.840955986,10.32123465,115.4687951,76.03992223,32.21675422,40.90547062,227.7166282,594.4097985,41.00879582,96.97392191,67.17640532,175.3508906,12.09759477,28.60730696,56.24600716,146.8192202,10.12917257,23.95255871,rotation_1,winter_barley,2021,2047584,203,Winter_barley_301,01/06/2021,29/10/2021,29/10/2021,17/02/2022,04/03/2022,19/03/2022
4.925444043,0.373368462,0.060788706,3.349015377,-0.278988994,0.973060404,13.81596105,97.60611629,62.48502341,41.03117016,7.024485548,260.9608033,233.7876061,116.6884297,271.283888,76.98343696,68.9673438,34.42308678,80.02874695,64.4573184,57.74553871,28.82204215,67.00712033,rotation_1,winter_barley,2021,2047584,204,Winter_barley_301,01/06/2021,19/09/2021,19/09/2021,05/03/2022,20/03/2022,04/04/2022
44.3396382,0.160844774,0.085260556,3.073484681,-0.226560427,9.640120362,7.090992282,96.47783892,25.05662494,4.6437988,6.535688246,249.3489094,359.7664185,316.2584458,20.14714283,73.55792829,106.1310935,93.29624152,5.943407135,61.58918063,88.86230538,78.11583612,4.976344279,rotation_1,winter_barley,2021,2047584,205,Winter_barley_301,01/06/2021,03/11/2021,03/11/2021,11/02/2022,26/02/2022,13/03/2022
21.45261386,0.32003413,0.047879666,3.354313627,-0.276201503,9.866168866,2.895850886,149.9277916,2.729962847,24.80771336,65.94621274,87.3410035,52.07403142,50.6507193,95.57155889,25.76559603,15.36183927,14.94196219,28.19360987,21.57322786,12.86228576,12.51072767,23.60617505,rotation_1,winter_barley,2021,2047584,206,Winter_barley_301,01/06/2021,09/12/2021,09/12/2021,05/03/2022,20/03/2022,04/04/2022
14.75099553,0.260083166,0.097538241,2.705693888,-0.266782435,2.946531185,5.457962413,12.23111748,6.390506083,27.7084466,97.43732661,176.2485587,178.2866562,183.9122148,84.82868154,51.99332481,52.59456357,54.25410336,25.02446105,43.53339399,44.03680408,45.42631705,20.95268434,rotation_1,winter_barley,2021,2047584,207,Winter_barley_301,01/06/2021,08/12/2021,08/12/2021,27/02/2022,14/03/2022,29/03/2022
53.0802102,0.221689332,0.075860621,2.731859805,-0.286241968,1.996896637,0.810061208,135.6488001,99.9770184,0.43155055,90.69910775,72.40303905,176.6628138,93.58449138,160.6106571,21.35889652,52.11553008,27.60742496,47.38014385,17.88355064,43.63571502,23.11536937,39.67083231,rotation_1,winter_barley,2021,2047584,208,Winter_barley_301,01/06/2021,05/11/2021,05/11/2021,19/02/2022,06/03/2022,21/03/2022
35.0942314,0.406164984,0.088628429,3.034435951,-0.222563975,6.449071954,4.815069739,138.3834191,66.07758802,46.55494155,64.25544383,77.59228458,30.85148315,257.7138989,163.0248134,22.88972395,9.101187529,76.02560019,48.09231996,19.16529429,7.620316338,63.65533304,40.26712891,rotation_1,winter_barley,2021,2047584,209,Winter_barley_301,01/06/2021,16/09/2021,16/09/2021,27/02/2022,14/03/2022,29/03/2022
26.86438056,0.098123148,0.080998364,3.339637845,-0.294476265,0.18824075,10.97122598,28.57160819,29.06307391,14.85312716,47.1232282,584.1547343,155.4551958,4.733200874,214.9685472,172.3256466,45.85928276,1.396294258,63.41572144,144.2862194,38.39743336,1.169100616,53.09723117,rotation_1,winter_barley,2021,2047584,210,Winter_barley_301,01/06/2021,15/11/2021,15/11/2021,14/02/2022,01/03/2022,16/03/2022
